code_insee,nom_commune,code_departement,nom_departement,region,population,prix_m2_median,prix_m2_median_maison,prix_m2_median_appartement,surface_mediane_m2,nb_ventes,periode_debut,periode_fin,evolution_prix_pct,part_passoires_dpe_pct,latitude,longitude,fiabilite,url
23008,Aubusson,23,Creuse,Nouvelle-Aquitaine,3018,1090,1040,1150,80,76,2023-01-26,2025-12-31,0.0,25.5,45.9472,2.1701,fiable,https://vendsmonbien.com/prix-immobilier/23-creuse/aubusson/
23076,Évaux-les-Bains,23,Creuse,Nouvelle-Aquitaine,1277,1090,1070,,84,34,2023-02-24,2025-12-05,,32.0,46.1779,2.4964,fiable,https://vendsmonbien.com/prix-immobilier/23-creuse/evaux-les-bains/
23079,Felletin,23,Creuse,Nouvelle-Aquitaine,1577,1130,1140,,90,37,2023-01-06,2025-12-11,,24.1,45.8942,2.187,fiable,https://vendsmonbien.com/prix-immobilier/23-creuse/felletin/
23192,Fursac,23,Creuse,Nouvelle-Aquitaine,1430,1290,1290,,100,32,2023-02-01,2025-11-25,,37.5,46.1433,1.5176,fiable,https://vendsmonbien.com/prix-immobilier/23-creuse/fursac/
23096,Guéret,23,Creuse,Nouvelle-Aquitaine,12955,1200,1250,1120,77,327,2023-01-04,2025-12-29,0.0,17.3,46.1585,1.8705,fiable,https://vendsmonbien.com/prix-immobilier/23-creuse/gueret/
23176,La Souterraine,23,Creuse,Nouvelle-Aquitaine,4978,1320,1320,1270,84,130,2023-01-04,2025-12-23,-2.3,10.7,46.2308,1.4743,fiable,https://vendsmonbien.com/prix-immobilier/23-creuse/la-souterraine/
23165,Royère-de-Vassivière,23,Creuse,Nouvelle-Aquitaine,565,1380,1470,,80,30,2023-03-08,2025-12-05,,49.2,45.8275,1.9006,fiable,https://vendsmonbien.com/prix-immobilier/23-creuse/royere-de-vassiviere/
23193,Sainte-Feyre,23,Creuse,Nouvelle-Aquitaine,2566,1430,1420,,91,54,2023-01-20,2025-12-18,1.5,28.8,46.1594,1.91,fiable,https://vendsmonbien.com/prix-immobilier/23-creuse/sainte-feyre/
23247,Saint-Vaury,23,Creuse,Nouvelle-Aquitaine,1718,1150,1150,,76,30,2023-01-16,2025-10-31,,23.4,46.1962,1.7422,fiable,https://vendsmonbien.com/prix-immobilier/23-creuse/saint-vaury/
33001,Abzac,33,Gironde,Nouvelle-Aquitaine,2048,1700,1700,,83,43,2023-01-20,2025-12-17,-30.1,8.7,45.0123,-0.1281,fiable,https://vendsmonbien.com/prix-immobilier/33-gironde/abzac/
33003,Ambarès-et-Lagrave,33,Gironde,Nouvelle-Aquitaine,17644,2760,2760,2720,82,380,2023-01-04,2025-12-30,-6.6,2.7,44.9517,-0.5,fiable,https://vendsmonbien.com/prix-immobilier/33-gironde/ambares-et-lagrave/
33004,Ambès,33,Gironde,Nouvelle-Aquitaine,3313,1900,2130,1860,60,115,2023-01-10,2025-12-30,12.8,3.0,45.0123,-0.5486,fiable,https://vendsmonbien.com/prix-immobilier/33-gironde/ambes/
33005,Andernos-les-Bains,33,Gironde,Nouvelle-Aquitaine,12710,5260,5120,5530,75,681,2023-01-03,2025-12-30,-20.0,7.2,44.7529,-1.082,fiable,https://vendsmonbien.com/prix-immobilier/33-gironde/andernos-les-bains/
33009,Arcachon,33,Gironde,Nouvelle-Aquitaine,11092,7940,8340,7900,53,1256,2023-01-02,2025-12-30,-7.6,9.7,44.6515,-1.1718,fiable,https://vendsmonbien.com/prix-immobilier/33-gironde/arcachon/
33011,Arès,33,Gironde,Nouvelle-Aquitaine,6482,4910,4940,4810,70,350,2023-01-03,2025-12-31,-16.0,8.1,44.7997,-1.0837,fiable,https://vendsmonbien.com/prix-immobilier/33-gironde/ares/
33012,Arsac,33,Gironde,Nouvelle-Aquitaine,4124,3120,3170,2520,94,90,2023-02-01,2025-12-30,-16.2,3.2,44.9869,-0.7018,fiable,https://vendsmonbien.com/prix-immobilier/33-gironde/arsac/
33013,Artigues-près-Bordeaux,33,Gironde,Nouvelle-Aquitaine,8687,3110,3160,3040,72,238,2023-01-09,2025-12-29,-2.8,0.9,44.8592,-0.4878,fiable,https://vendsmonbien.com/prix-immobilier/33-gironde/artigues-pres-bordeaux/
33015,Arveyres,33,Gironde,Nouvelle-Aquitaine,2056,2660,2660,,94,41,2023-02-14,2025-12-19,14.8,8.1,44.89,-0.2798,fiable,https://vendsmonbien.com/prix-immobilier/33-gironde/arveyres/
33019,Audenge,33,Gironde,Nouvelle-Aquitaine,9596,3780,3910,3690,70,379,2023-01-05,2025-12-29,-3.9,2.3,44.7133,-0.9533,fiable,https://vendsmonbien.com/prix-immobilier/33-gironde/audenge/
33022,Avensan,33,Gironde,Nouvelle-Aquitaine,3140,2850,2840,3120,94,98,2023-01-30,2025-12-19,-6.3,5.9,45.0033,-0.7574,fiable,https://vendsmonbien.com/prix-immobilier/33-gironde/avensan/
33030,Barsac,33,Gironde,Nouvelle-Aquitaine,2058,1820,1750,2100,90,68,2023-01-13,2025-12-16,18.9,10.4,44.6036,-0.3259,fiable,https://vendsmonbien.com/prix-immobilier/33-gironde/barsac/
33032,Bassens,33,Gironde,Nouvelle-Aquitaine,8435,2960,3030,2890,70,202,2023-01-13,2025-12-30,-3.3,1.6,44.9068,-0.526,fiable,https://vendsmonbien.com/prix-immobilier/33-gironde/bassens/
33036,Bazas,33,Gironde,Nouvelle-Aquitaine,4854,1880,1850,1940,91,85,2023-01-23,2025-12-19,-4.1,6.1,44.4409,-0.2177,fiable,https://vendsmonbien.com/prix-immobilier/33-gironde/bazas/
33037,Beautiran,33,Gironde,Nouvelle-Aquitaine,2488,2950,2930,,100,58,2023-01-02,2025-12-22,-7.9,7.3,44.7035,-0.4604,fiable,https://vendsmonbien.com/prix-immobilier/33-gironde/beautiran/
33039,Bègles,33,Gironde,Nouvelle-Aquitaine,31831,3600,4190,3280,68,1188,2023-01-04,2025-12-30,-8.4,3.4,44.803,-0.5485,fiable,https://vendsmonbien.com/prix-immobilier/33-gironde/begles/
33040,Béguey,33,Gironde,Nouvelle-Aquitaine,1308,2040,2040,,88,42,2023-01-11,2025-12-24,,9.5,44.6494,-0.326,fiable,https://vendsmonbien.com/prix-immobilier/33-gironde/beguey/
33042,Belin-Béliet,33,Gironde,Nouvelle-Aquitaine,6275,2860,2800,2940,92,174,2023-01-06,2025-12-22,-23.0,3.7,44.4959,-0.7989,fiable,https://vendsmonbien.com/prix-immobilier/33-gironde/belin-beliet/
33047,Berson,33,Gironde,Nouvelle-Aquitaine,1846,1670,1670,,114,52,2023-01-17,2025-12-19,,4.6,45.1188,-0.5782,fiable,https://vendsmonbien.com/prix-immobilier/33-gironde/berson/
33051,Biganos,33,Gironde,Nouvelle-Aquitaine,11431,3620,3610,3620,76,337,2023-01-04,2025-12-22,-7.6,3.2,44.6599,-0.9582,fiable,https://vendsmonbien.com/prix-immobilier/33-gironde/biganos/
33056,Blanquefort,33,Gironde,Nouvelle-Aquitaine,17215,3350,3560,3060,84,405,2023-01-03,2025-12-29,-15.0,1.5,44.9216,-0.61,fiable,https://vendsmonbien.com/prix-immobilier/33-gironde/blanquefort/
33058,Blaye,33,Gironde,Nouvelle-Aquitaine,5066,1710,1730,1660,64,169,2023-01-17,2025-12-31,-1.1,6.5,45.1311,-0.667,fiable,https://vendsmonbien.com/prix-immobilier/33-gironde/blaye/
33063,Bordeaux,33,Gironde,Nouvelle-Aquitaine,267991,4460,5090,4300,62,12331,2023-01-02,2025-12-31,-9.1,6.2,44.8624,-0.5848,fiable,https://vendsmonbien.com/prix-immobilier/33-gironde/bordeaux/
33065,Bouliac,33,Gironde,Nouvelle-Aquitaine,3804,3450,3770,3360,93,61,2023-01-16,2025-12-29,-17.9,5.0,44.8165,-0.5026,fiable,https://vendsmonbien.com/prix-immobilier/33-gironde/bouliac/
33067,Bourg,33,Gironde,Nouvelle-Aquitaine,2244,1550,1570,,93,67,2023-01-09,2025-10-01,15.4,7.5,45.0396,-0.5484,fiable,https://vendsmonbien.com/prix-immobilier/33-gironde/bourg/
33075,Bruges,33,Gironde,Nouvelle-Aquitaine,20020,3700,4280,3530,68,863,2023-01-03,2025-12-31,-3.5,1.2,44.8893,-0.6029,fiable,https://vendsmonbien.com/prix-immobilier/33-gironde/bruges/
33077,Cabanac-et-Villagrains,33,Gironde,Nouvelle-Aquitaine,2400,2680,2680,,100,45,2023-03-31,2025-12-19,-17.5,6.4,44.5889,-0.5412,fiable,https://vendsmonbien.com/prix-immobilier/33-gironde/cabanac-et-villagrains/
33080,Cadaujac,33,Gironde,Nouvelle-Aquitaine,6909,3330,3330,3300,82,205,2023-01-18,2025-12-19,-12.4,2.6,44.7468,-0.5316,fiable,https://vendsmonbien.com/prix-immobilier/33-gironde/cadaujac/
33081,Cadillac-sur-Garonne,33,Gironde,Nouvelle-Aquitaine,2670,2060,2060,2050,76,60,2023-01-19,2025-12-23,-3.9,6.0,44.6407,-0.3076,fiable,https://vendsmonbien.com/prix-immobilier/33-gironde/cadillac-sur-garonne/
33084,Cambes,33,Gironde,Nouvelle-Aquitaine,1897,2890,3010,2410,94,42,2023-01-25,2025-12-10,,7.4,44.7408,-0.4644,fiable,https://vendsmonbien.com/prix-immobilier/33-gironde/cambes/
33085,Camblanes-et-Meynac,33,Gironde,Nouvelle-Aquitaine,3181,3620,3580,4600,97,80,2023-01-04,2025-12-30,0.0,4.8,44.7643,-0.474,fiable,https://vendsmonbien.com/prix-immobilier/33-gironde/camblanes-et-meynac/
33090,Canéjan,33,Gironde,Nouvelle-Aquitaine,5756,3620,3460,4420,96,106,2023-01-04,2025-12-30,-0.6,0.7,44.7572,-0.659,fiable,https://vendsmonbien.com/prix-immobilier/33-gironde/canejan/
33096,Carbon-Blanc,33,Gironde,Nouvelle-Aquitaine,8331,2840,3020,2590,83,228,2023-01-09,2025-12-23,-11.4,2.6,44.9019,-0.5008,fiable,https://vendsmonbien.com/prix-immobilier/33-gironde/carbon-blanc/
33097,Carcans,33,Gironde,Nouvelle-Aquitaine,2415,4120,4130,4110,50,190,2023-01-19,2025-12-29,0.0,9.3,45.0794,-1.0404,fiable,https://vendsmonbien.com/prix-immobilier/33-gironde/carcans/
33099,Carignan-de-Bordeaux,33,Gironde,Nouvelle-Aquitaine,4388,3350,3370,3120,96,68,2023-01-05,2025-12-23,-14.0,2.4,44.8093,-0.4739,fiable,https://vendsmonbien.com/prix-immobilier/33-gironde/carignan-de-bordeaux/
33104,Castelnau-de-Médoc,33,Gironde,Nouvelle-Aquitaine,4907,2770,2800,2700,82,200,2023-01-05,2025-12-29,-6.4,5.6,45.0033,-0.8162,fiable,https://vendsmonbien.com/prix-immobilier/33-gironde/castelnau-de-medoc/
33108,Castillon-la-Bataille,33,Gironde,Nouvelle-Aquitaine,3344,1330,1240,1450,76,115,2023-01-12,2025-12-15,9.5,8.4,44.8622,-0.0244,fiable,https://vendsmonbien.com/prix-immobilier/33-gironde/castillon-la-bataille/
33109,Castres-Gironde,33,Gironde,Nouvelle-Aquitaine,2695,2860,2860,,87,71,2023-01-10,2025-12-30,-2.4,3.3,44.6866,-0.4566,fiable,https://vendsmonbien.com/prix-immobilier/33-gironde/castres-gironde/
33114,Cavignac,33,Gironde,Nouvelle-Aquitaine,2372,1970,2040,1940,69,105,2023-01-16,2025-12-18,1.6,1.7,45.0981,-0.3784,fiable,https://vendsmonbien.com/prix-immobilier/33-gironde/cavignac/
33118,Cénac,33,Gironde,Nouvelle-Aquitaine,2195,3270,3270,,95,40,2023-01-12,2025-12-19,,3.8,44.7849,-0.4573,fiable,https://vendsmonbien.com/prix-immobilier/33-gironde/cenac/
33119,Cenon,33,Gironde,Nouvelle-Aquitaine,26834,3170,3400,3110,62,971,2023-01-03,2025-12-30,-10.1,4.6,44.8552,-0.5223,fiable,https://vendsmonbien.com/prix-immobilier/33-gironde/cenon/
33120,Cérons,33,Gironde,Nouvelle-Aquitaine,2126,2220,2220,,98,65,2023-01-12,2025-12-23,-18.7,6.2,44.6268,-0.3404,fiable,https://vendsmonbien.com/prix-immobilier/33-gironde/cerons/
33122,Cestas,33,Gironde,Nouvelle-Aquitaine,16666,3830,3840,3790,97,286,2023-01-06,2025-12-30,-5.9,2.2,44.7274,-0.7349,fiable,https://vendsmonbien.com/prix-immobilier/33-gironde/cestas/
33123,Cézac,33,Gironde,Nouvelle-Aquitaine,2727,2320,2320,,100,49,2023-02-02,2025-12-22,1.3,3.3,45.0867,-0.4171,fiable,https://vendsmonbien.com/prix-immobilier/33-gironde/cezac/
33125,Cissac-Médoc,33,Gironde,Nouvelle-Aquitaine,2332,2090,2090,,90,31,2023-01-23,2025-12-11,,8.2,45.2149,-0.8413,fiable,https://vendsmonbien.com/prix-immobilier/33-gironde/cissac-medoc/
33138,Coutras,33,Gironde,Nouvelle-Aquitaine,8678,1820,1810,1840,84,250,2023-01-19,2025-12-29,-3.2,7.4,45.0408,-0.1003,fiable,https://vendsmonbien.com/prix-immobilier/33-gironde/coutras/
33140,Créon,33,Gironde,Nouvelle-Aquitaine,4950,2740,2770,2580,80,178,2023-01-05,2025-12-29,-9.5,2.7,44.7688,-0.3444,fiable,https://vendsmonbien.com/prix-immobilier/33-gironde/creon/
33142,Cubnezais,33,Gironde,Nouvelle-Aquitaine,1915,2420,2420,,94,42,2023-02-23,2025-11-27,-4.6,4.4,45.0744,-0.4202,fiable,https://vendsmonbien.com/prix-immobilier/33-gironde/cubnezais/
33143,Cubzac-les-Ponts,33,Gironde,Nouvelle-Aquitaine,2693,2340,2360,2160,100,70,2023-02-22,2025-12-18,-18.9,5.2,44.9674,-0.4426,fiable,https://vendsmonbien.com/prix-immobilier/33-gironde/cubzac-les-ponts/
33146,Cussac-Fort-Médoc,33,Gironde,Nouvelle-Aquitaine,2279,2390,2360,,97,47,2023-02-07,2025-12-22,1.2,5.9,45.1207,-0.726,fiable,https://vendsmonbien.com/prix-immobilier/33-gironde/cussac-fort-medoc/
33159,Étauliers,33,Gironde,Nouvelle-Aquitaine,1662,1390,1350,1540,73,69,2023-01-05,2025-12-30,-4.3,6.1,45.2221,-0.5851,fiable,https://vendsmonbien.com/prix-immobilier/33-gironde/etauliers/
33162,Eysines,33,Gironde,Nouvelle-Aquitaine,24825,3570,3750,3510,65,945,2023-01-06,2025-12-31,-9.7,2.1,44.8779,-0.646,fiable,https://vendsmonbien.com/prix-immobilier/33-gironde/eysines/
33164,Fargues,33,Gironde,Nouvelle-Aquitaine,1655,2170,2170,,94,35,2023-01-03,2025-08-01,,2.7,44.5362,-0.2926,fiable,https://vendsmonbien.com/prix-immobilier/33-gironde/fargues/
33165,Fargues-Saint-Hilaire,33,Gironde,Nouvelle-Aquitaine,3543,3240,3060,3380,66,110,2023-01-06,2025-12-23,-5.4,2.5,44.8202,-0.4399,fiable,https://vendsmonbien.com/prix-immobilier/33-gironde/fargues-saint-hilaire/
33167,Floirac,33,Gironde,Nouvelle-Aquitaine,18300,3300,3410,3250,74,492,2023-01-03,2025-12-30,-8.1,1.3,44.8322,-0.5215,fiable,https://vendsmonbien.com/prix-immobilier/33-gironde/floirac/
33177,Gaillan-en-Médoc,33,Gironde,Nouvelle-Aquitaine,2385,2600,2020,3980,75,55,2023-03-07,2025-12-17,-3.6,6.3,45.3135,-0.9946,fiable,https://vendsmonbien.com/prix-immobilier/33-gironde/gaillan-en-medoc/
33179,Galgon,33,Gironde,Nouvelle-Aquitaine,3144,2050,2100,1930,82,92,2023-01-16,2025-12-30,-11.2,4.3,44.991,-0.278,fiable,https://vendsmonbien.com/prix-immobilier/33-gironde/galgon/
33182,Gauriac,33,Gironde,Nouvelle-Aquitaine,759,1950,1950,,100,30,2023-01-16,2025-12-30,,13.6,45.0614,-0.6278,fiable,https://vendsmonbien.com/prix-immobilier/33-gironde/gauriac/
33185,Génissac,33,Gironde,Nouvelle-Aquitaine,2041,2580,2550,2620,92,42,2023-01-05,2025-12-29,,4.1,44.8614,-0.2496,fiable,https://vendsmonbien.com/prix-immobilier/33-gironde/genissac/
33186,Gensac,33,Gironde,Nouvelle-Aquitaine,687,1280,1280,,103,30,2023-03-23,2025-11-25,,18.7,44.7948,0.0874,fiable,https://vendsmonbien.com/prix-immobilier/33-gironde/gensac/
33187,Gironde-sur-Dropt,33,Gironde,Nouvelle-Aquitaine,1333,1660,1600,1730,72,36,2023-01-25,2025-11-24,,2.6,44.59,-0.0909,fiable,https://vendsmonbien.com/prix-immobilier/33-gironde/gironde-sur-dropt/
33192,Gradignan,33,Gironde,Nouvelle-Aquitaine,26952,3600,3800,3490,70,865,2023-01-05,2025-12-31,-5.4,4.5,44.7681,-0.6163,fiable,https://vendsmonbien.com/prix-immobilier/33-gironde/gradignan/
33195,Grignols,33,Gironde,Nouvelle-Aquitaine,1216,1490,1440,,92,32,2023-01-03,2025-11-07,,6.8,44.4085,-0.0281,fiable,https://vendsmonbien.com/prix-immobilier/33-gironde/grignols/
33198,Guîtres,33,Gironde,Nouvelle-Aquitaine,1631,1600,1690,,91,52,2023-01-20,2025-12-01,18.9,5.6,45.0443,-0.1845,fiable,https://vendsmonbien.com/prix-immobilier/33-gironde/guitres/
33199,Gujan-Mestras,33,Gironde,Nouvelle-Aquitaine,22153,4660,4850,4240,80,878,2023-01-03,2025-12-30,-15.8,3.4,44.5758,-1.0813,fiable,https://vendsmonbien.com/prix-immobilier/33-gironde/gujan-mestras/
33202,Hostens,33,Gironde,Nouvelle-Aquitaine,1554,2560,2490,,96,40,2023-01-10,2025-12-29,0.8,7.3,44.4834,-0.6616,fiable,https://vendsmonbien.com/prix-immobilier/33-gironde/hostens/
33203,Hourtin,33,Gironde,Nouvelle-Aquitaine,4045,3460,3540,2670,63,269,2023-01-05,2025-12-30,-8.0,6.1,45.1831,-1.0534,fiable,https://vendsmonbien.com/prix-immobilier/33-gironde/hourtin/
33207,Izon,33,Gironde,Nouvelle-Aquitaine,6374,2650,2670,,103,124,2023-01-17,2025-12-30,-15.6,3.1,44.9188,-0.3561,fiable,https://vendsmonbien.com/prix-immobilier/33-gironde/izon/
33213,La Brède,33,Gironde,Nouvelle-Aquitaine,4386,3220,3430,2690,80,80,2023-01-11,2025-12-09,-13.4,5.7,44.6777,-0.5396,fiable,https://vendsmonbien.com/prix-immobilier/33-gironde/la-brede/
33214,Lacanau,33,Gironde,Nouvelle-Aquitaine,5739,5290,5380,5250,50,698,2023-01-04,2025-12-30,-1.7,7.9,44.9879,-1.096,fiable,https://vendsmonbien.com/prix-immobilier/33-gironde/lacanau/
33219,La Lande-de-Fronsac,33,Gironde,Nouvelle-Aquitaine,2729,2500,2500,2500,95,58,2023-01-17,2025-12-31,3.7,3.9,44.9849,-0.3797,fiable,https://vendsmonbien.com/prix-immobilier/33-gironde/la-lande-de-fronsac/
33220,Lamarque,33,Gironde,Nouvelle-Aquitaine,1335,2080,2090,,88,46,2023-01-06,2025-12-18,-34.1,6.6,45.0961,-0.718,fiable,https://vendsmonbien.com/prix-immobilier/33-gironde/lamarque/
33225,Landiras,33,Gironde,Nouvelle-Aquitaine,2310,2210,2210,,97,54,2023-01-02,2025-12-18,8.2,3.4,44.5696,-0.4333,fiable,https://vendsmonbien.com/prix-immobilier/33-gironde/landiras/
33226,Langoiran,33,Gironde,Nouvelle-Aquitaine,2215,2140,2210,1990,79,71,2023-01-03,2025-12-16,-13.1,9.8,44.7071,-0.3734,fiable,https://vendsmonbien.com/prix-immobilier/33-gironde/langoiran/
33227,Langon,33,Gironde,Nouvelle-Aquitaine,7674,2100,2160,2040,72,304,2023-01-11,2025-12-30,-2.4,4.0,44.5355,-0.2422,fiable,https://vendsmonbien.com/prix-immobilier/33-gironde/langon/
33229,Lanton,33,Gironde,Nouvelle-Aquitaine,7337,4340,4680,4100,70,289,2023-01-05,2025-12-31,-13.3,3.8,44.7719,-0.9799,fiable,https://vendsmonbien.com/prix-immobilier/33-gironde/lanton/
33352,La Réole,33,Gironde,Nouvelle-Aquitaine,4487,1570,1560,1760,86,96,2023-01-04,2025-12-23,-2.5,6.4,44.5869,-0.0447,fiable,https://vendsmonbien.com/prix-immobilier/33-gironde/la-reole/
33233,Laruscade,33,Gironde,Nouvelle-Aquitaine,2811,2100,2140,,93,42,2023-02-03,2025-12-01,,4.2,45.1206,-0.3394,fiable,https://vendsmonbien.com/prix-immobilier/33-gironde/laruscade/
33505,La Sauve,33,Gironde,Nouvelle-Aquitaine,1589,2470,2460,,90,31,2023-01-17,2025-12-01,,7.7,44.7643,-0.316,fiable,https://vendsmonbien.com/prix-immobilier/33-gironde/la-sauve/
33529,La Teste-de-Buch,33,Gironde,Nouvelle-Aquitaine,27566,5070,5240,4880,80,1179,2023-01-03,2025-12-30,-8.6,4.6,44.586,-1.1809,fiable,https://vendsmonbien.com/prix-immobilier/33-gironde/la-teste-de-buch/
33234,Latresne,33,Gironde,Nouvelle-Aquitaine,3714,3510,3570,3360,84,79,2023-01-25,2025-12-31,-15.2,5.2,44.7901,-0.4981,fiable,https://vendsmonbien.com/prix-immobilier/33-gironde/latresne/
33029,Le Barp,33,Gironde,Nouvelle-Aquitaine,5806,3400,3460,3370,93,128,2023-01-10,2025-12-18,-10.9,2.7,44.6297,-0.7437,fiable,https://vendsmonbien.com/prix-immobilier/33-gironde/le-barp/
33069,Le Bouscat,33,Gironde,Nouvelle-Aquitaine,25081,4360,5120,3850,76,1088,2023-01-03,2025-12-30,-10.1,4.4,44.865,-0.6033,fiable,https://vendsmonbien.com/prix-immobilier/33-gironde/le-bouscat/
33236,Lège-Cap-Ferret,33,Gironde,Nouvelle-Aquitaine,7909,9280,9180,9800,83,408,2023-01-03,2025-12-30,-19.8,12.8,44.7452,-1.174,fiable,https://vendsmonbien.com/prix-immobilier/33-gironde/lege-cap-ferret/
33200,Le Haillan,33,Gironde,Nouvelle-Aquitaine,11392,3610,3750,3500,65,482,2023-01-04,2025-12-31,-5.8,0.8,44.8713,-0.6903,fiable,https://vendsmonbien.com/prix-immobilier/33-gironde/le-haillan/
33238,Léognan,33,Gironde,Nouvelle-Aquitaine,10670,3520,3550,3310,92,230,2023-01-11,2025-12-30,-11.5,2.8,44.7236,-0.6172,fiable,https://vendsmonbien.com/prix-immobilier/33-gironde/leognan/
33322,Le Pian-Médoc,33,Gironde,Nouvelle-Aquitaine,7292,3490,3470,3770,100,132,2023-01-10,2025-12-26,-5.2,2.3,44.9555,-0.6737,fiable,https://vendsmonbien.com/prix-immobilier/33-gironde/le-pian-medoc/
33333,Le Porge,33,Gironde,Nouvelle-Aquitaine,3465,4080,4080,,92,60,2023-01-12,2025-12-22,-3.7,7.8,44.8649,-1.1351,fiable,https://vendsmonbien.com/prix-immobilier/33-gironde/le-porge/
33154,Les Églisottes-et-Chalaures,33,Gironde,Nouvelle-Aquitaine,2205,1400,1450,,72,46,2023-03-13,2025-12-16,,10.2,45.0946,-0.0389,fiable,https://vendsmonbien.com/prix-immobilier/33-gironde/les-eglisottes-et-chalaures/
33240,Lesparre-Médoc,33,Gironde,Nouvelle-Aquitaine,5872,1900,1860,1980,76,174,2023-01-09,2025-12-18,8.6,6.2,45.2796,-0.9235,fiable,https://vendsmonbien.com/prix-immobilier/33-gironde/lesparre-medoc/
33519,Le Taillan-Médoc,33,Gironde,Nouvelle-Aquitaine,11073,3540,3530,3580,94,303,2023-01-05,2025-12-20,-7.0,1.5,44.9123,-0.6785,fiable,https://vendsmonbien.com/prix-immobilier/33-gironde/le-taillan-medoc/
33527,Le Teich,33,Gironde,Nouvelle-Aquitaine,9180,4160,4390,3900,80,299,2023-01-05,2025-12-31,-13.1,2.3,44.5805,-1.0234,fiable,https://vendsmonbien.com/prix-immobilier/33-gironde/le-teich/
33544,Le Verdon-sur-Mer,33,Gironde,Nouvelle-Aquitaine,1408,2450,2670,2370,61,147,2023-01-10,2025-12-30,0.4,9.0,45.5481,-1.0826,fiable,https://vendsmonbien.com/prix-immobilier/33-gironde/le-verdon-sur-mer/
33243,Libourne,33,Gironde,Nouvelle-Aquitaine,25036,2450,2600,2350,73,1005,2023-01-02,2025-12-30,-9.2,5.9,44.9125,-0.2328,fiable,https://vendsmonbien.com/prix-immobilier/33-gironde/libourne/
33248,Listrac-Médoc,33,Gironde,Nouvelle-Aquitaine,2807,2380,2400,,97,64,2023-01-04,2025-11-27,-11.6,4.5,45.0699,-0.827,fiable,https://vendsmonbien.com/prix-immobilier/33-gironde/listrac-medoc/
33249,Lormont,33,Gironde,Nouvelle-Aquitaine,25769,2670,3140,2500,65,594,2023-01-04,2025-12-30,-10.1,7.0,44.8749,-0.5176,fiable,https://vendsmonbien.com/prix-immobilier/33-gironde/lormont/
33256,Ludon-Médoc,33,Gironde,Nouvelle-Aquitaine,5578,3090,3190,2750,91,137,2023-01-05,2025-12-05,-9.5,3.0,44.9814,-0.5903,fiable,https://vendsmonbien.com/prix-immobilier/33-gironde/ludon-medoc/
33259,Lugon-et-l'Île-du-Carnay,33,Gironde,Nouvelle-Aquitaine,1395,2250,2250,,92,38,2023-02-10,2025-12-30,,7.0,44.9546,-0.3586,fiable,https://vendsmonbien.com/prix-immobilier/33-gironde/lugon-et-lile-du-carnay/
33262,Macau,33,Gironde,Nouvelle-Aquitaine,4576,2890,2900,2180,93,121,2023-01-10,2025-12-29,-17.2,4.8,45.0112,-0.6086,fiable,https://vendsmonbien.com/prix-immobilier/33-gironde/macau/
33555,Marcheprime,33,Gironde,Nouvelle-Aquitaine,5696,3510,3520,3510,88,119,2023-01-18,2025-12-11,-5.5,1.4,44.7033,-0.8557,fiable,https://vendsmonbien.com/prix-immobilier/33-gironde/marcheprime/
33268,Margaux-Cantenac,33,Gironde,Nouvelle-Aquitaine,2845,2490,2460,,90,94,2023-01-05,2025-12-22,-9.1,5.8,45.0363,-0.6788,fiable,https://vendsmonbien.com/prix-immobilier/33-gironde/margaux-cantenac/
33273,Martignas-sur-Jalle,33,Gironde,Nouvelle-Aquitaine,8056,3750,3830,3560,84,212,2023-01-05,2025-12-23,-10.7,1.2,44.8451,-0.8006,fiable,https://vendsmonbien.com/prix-immobilier/33-gironde/martignas-sur-jalle/
33274,Martillac,33,Gironde,Nouvelle-Aquitaine,3659,3570,3600,3020,103,56,2023-03-16,2025-12-26,-4.4,2.6,44.7176,-0.558,fiable,https://vendsmonbien.com/prix-immobilier/33-gironde/martillac/
33281,Mérignac,33,Gironde,Nouvelle-Aquitaine,78090,3680,4200,3490,67,2922,2023-01-03,2025-12-31,-6.5,3.1,44.8313,-0.682,fiable,https://vendsmonbien.com/prix-immobilier/33-gironde/merignac/
33284,Mios,33,Gironde,Nouvelle-Aquitaine,12043,3850,3860,3720,92,245,2023-01-06,2025-12-23,-11.1,2.5,44.6105,-0.8913,fiable,https://vendsmonbien.com/prix-immobilier/33-gironde/mios/
33289,Monségur,33,Gironde,Nouvelle-Aquitaine,1579,1480,1440,,86,56,2023-01-31,2025-12-15,-17.9,7.4,44.647,0.0861,fiable,https://vendsmonbien.com/prix-immobilier/33-gironde/monsegur/
33290,Montagne,33,Gironde,Nouvelle-Aquitaine,1510,2380,2370,,123,35,2023-01-09,2025-11-19,,9.8,44.9324,-0.1304,fiable,https://vendsmonbien.com/prix-immobilier/33-gironde/montagne/
33293,Montussan,33,Gironde,Nouvelle-Aquitaine,3628,2970,2860,3020,83,94,2023-01-12,2025-12-19,-4.2,2.9,44.8843,-0.4294,fiable,https://vendsmonbien.com/prix-immobilier/33-gironde/montussan/
33297,Moulis-en-Médoc,33,Gironde,Nouvelle-Aquitaine,1962,2250,2250,,100,53,2023-01-14,2025-12-22,-19.5,7.4,45.0531,-0.7971,fiable,https://vendsmonbien.com/prix-immobilier/33-gironde/moulis-en-medoc/
33298,Moulon,33,Gironde,Nouvelle-Aquitaine,1068,2500,2500,2510,94,41,2023-02-21,2025-12-31,,9.4,44.8616,-0.2207,fiable,https://vendsmonbien.com/prix-immobilier/33-gironde/moulon/
33307,Noaillan,33,Gironde,Nouvelle-Aquitaine,1717,2070,2070,,98,39,2023-05-11,2025-12-15,,5.6,44.4812,-0.3698,fiable,https://vendsmonbien.com/prix-immobilier/33-gironde/noaillan/
33311,Paillet,33,Gironde,Nouvelle-Aquitaine,1175,2050,1930,2180,80,40,2023-02-09,2025-12-12,,9.0,44.6864,-0.3609,fiable,https://vendsmonbien.com/prix-immobilier/33-gironde/paillet/
33312,Parempuyre,33,Gironde,Nouvelle-Aquitaine,10672,3370,3340,3480,85,311,2023-01-07,2025-12-29,-5.9,1.4,44.9548,-0.5844,fiable,https://vendsmonbien.com/prix-immobilier/33-gironde/parempuyre/
33314,Pauillac,33,Gironde,Nouvelle-Aquitaine,5190,1620,1680,1320,85,142,2023-01-11,2025-12-30,-5.6,7.6,45.1983,-0.755,fiable,https://vendsmonbien.com/prix-immobilier/33-gironde/pauillac/
33318,Pessac,33,Gironde,Nouvelle-Aquitaine,67339,3760,4000,3520,76,1783,2023-01-03,2025-12-30,-9.2,2.9,44.786,-0.681,fiable,https://vendsmonbien.com/prix-immobilier/33-gironde/pessac/
33321,Peujard,33,Gironde,Nouvelle-Aquitaine,2195,2440,2440,,96,46,2023-01-04,2025-11-05,17.5,4.0,45.0472,-0.4313,fiable,https://vendsmonbien.com/prix-immobilier/33-gironde/peujard/
33324,Pineuilh,33,Gironde,Nouvelle-Aquitaine,4490,1360,1580,1240,64,184,2023-01-16,2025-12-16,8.9,7.0,44.8242,0.2284,fiable,https://vendsmonbien.com/prix-immobilier/33-gironde/pineuilh/
33327,Podensac,33,Gironde,Nouvelle-Aquitaine,3269,2480,2500,,90,70,2023-01-06,2025-12-29,-15.4,5.6,44.6479,-0.3576,fiable,https://vendsmonbien.com/prix-immobilier/33-gironde/podensac/
33330,Pompignac,33,Gironde,Nouvelle-Aquitaine,3577,3120,3130,3120,94,59,2023-02-10,2025-11-18,-2.5,2.9,44.8527,-0.4347,fiable,https://vendsmonbien.com/prix-immobilier/33-gironde/pompignac/
33334,Portets,33,Gironde,Nouvelle-Aquitaine,2618,2550,2500,2920,90,85,2023-01-24,2025-12-11,-7.3,5.4,44.6783,-0.4263,fiable,https://vendsmonbien.com/prix-immobilier/33-gironde/portets/
33336,Préchac,33,Gironde,Nouvelle-Aquitaine,1061,1420,1440,,106,30,2023-01-10,2025-12-29,,10.9,44.3859,-0.3715,fiable,https://vendsmonbien.com/prix-immobilier/33-gironde/prechac/
33337,Preignac,33,Gironde,Nouvelle-Aquitaine,2135,1700,1710,1550,100,72,2023-01-24,2025-12-30,-4.4,13.9,44.5719,-0.3106,fiable,https://vendsmonbien.com/prix-immobilier/33-gironde/preignac/
33341,Pugnac,33,Gironde,Nouvelle-Aquitaine,2453,1930,1910,,95,38,2023-02-22,2025-12-15,,3.4,45.0825,-0.5003,fiable,https://vendsmonbien.com/prix-immobilier/33-gironde/pugnac/
33349,Quinsac,33,Gironde,Nouvelle-Aquitaine,2217,3120,3150,,116,46,2023-01-10,2025-12-30,,5.8,44.751,-0.4876,fiable,https://vendsmonbien.com/prix-immobilier/33-gironde/quinsac/
33351,Reignac,33,Gironde,Nouvelle-Aquitaine,1628,1350,1350,,93,39,2023-01-07,2025-12-19,,11.0,45.2292,-0.5179,fiable,https://vendsmonbien.com/prix-immobilier/33-gironde/reignac/
33355,Rions,33,Gironde,Nouvelle-Aquitaine,1470,1790,1790,,86,37,2023-01-11,2025-11-27,,6.1,44.6681,-0.3299,fiable,https://vendsmonbien.com/prix-immobilier/33-gironde/rions/
33363,Sadirac,33,Gironde,Nouvelle-Aquitaine,4769,3180,3180,,94,91,2023-01-06,2025-12-18,-8.8,2.4,44.787,-0.3925,fiable,https://vendsmonbien.com/prix-immobilier/33-gironde/sadirac/
33366,Saint-André-de-Cubzac,33,Gironde,Nouvelle-Aquitaine,12626,2540,2580,2410,80,377,2023-01-04,2025-12-30,-1.2,3.3,44.9945,-0.4378,fiable,https://vendsmonbien.com/prix-immobilier/33-gironde/saint-andre-de-cubzac/
33376,Saint-Aubin-de-Médoc,33,Gironde,Nouvelle-Aquitaine,7769,3970,4090,3230,117,127,2023-01-10,2025-12-22,-16.5,1.8,44.9343,-0.7478,fiable,https://vendsmonbien.com/prix-immobilier/33-gironde/saint-aubin-de-medoc/
33378,Saint-Avit-Saint-Nazaire,33,Gironde,Nouvelle-Aquitaine,1503,1670,1670,,97,30,2023-01-17,2025-12-19,,13.5,44.8478,0.2762,fiable,https://vendsmonbien.com/prix-immobilier/33-gironde/saint-avit-saint-nazaire/
33381,Saint-Caprais-de-Bordeaux,33,Gironde,Nouvelle-Aquitaine,3450,2930,3080,2510,89,87,2023-01-26,2025-12-30,1.4,2.1,44.7544,-0.4262,fiable,https://vendsmonbien.com/prix-immobilier/33-gironde/saint-caprais-de-bordeaux/
33382,Saint-Christoly-de-Blaye,33,Gironde,Nouvelle-Aquitaine,1879,1630,1650,,90,40,2023-01-24,2025-12-30,6.9,13.9,45.1499,-0.4967,fiable,https://vendsmonbien.com/prix-immobilier/33-gironde/saint-christoly-de-blaye/
33389,Saint-Ciers-sur-Gironde,33,Gironde,Nouvelle-Aquitaine,3175,1410,1410,,102,69,2023-02-04,2025-12-08,6.0,6.8,45.2947,-0.6648,fiable,https://vendsmonbien.com/prix-immobilier/33-gironde/saint-ciers-sur-gironde/
33393,Saint-Denis-de-Pile,33,Gironde,Nouvelle-Aquitaine,5955,1950,2100,1650,98,106,2023-01-02,2025-12-22,-13.0,5.5,44.9893,-0.1833,fiable,https://vendsmonbien.com/prix-immobilier/33-gironde/saint-denis-de-pile/
33397,Sainte-Eulalie,33,Gironde,Nouvelle-Aquitaine,4915,2930,3000,2630,94,74,2023-01-16,2025-12-31,-11.4,2.8,44.9027,-0.48,fiable,https://vendsmonbien.com/prix-immobilier/33-gironde/sainte-eulalie/
33402,Sainte-Foy-la-Grande,33,Gironde,Nouvelle-Aquitaine,2507,1110,1130,1100,80,74,2023-01-13,2025-12-31,-9.4,7.9,44.8407,0.2171,fiable,https://vendsmonbien.com/prix-immobilier/33-gironde/sainte-foy-la-grande/
33417,Sainte-Hélène,33,Gironde,Nouvelle-Aquitaine,3091,3040,3060,,92,60,2023-02-24,2025-12-23,-10.9,3.4,44.9653,-0.9071,fiable,https://vendsmonbien.com/prix-immobilier/33-gironde/sainte-helene/
33394,Saint-Émilion,33,Gironde,Nouvelle-Aquitaine,1608,2780,2760,,100,50,2023-03-07,2025-12-12,-13.8,14.2,44.8947,-0.1715,fiable,https://vendsmonbien.com/prix-immobilier/33-gironde/saint-emilion/
33395,Saint-Estèphe,33,Gironde,Nouvelle-Aquitaine,1638,1640,1630,,85,41,2023-01-31,2025-08-28,,17.7,45.2544,-0.7759,fiable,https://vendsmonbien.com/prix-immobilier/33-gironde/saint-estephe/
33485,Sainte-Terre,33,Gironde,Nouvelle-Aquitaine,1883,2180,2180,,114,48,2023-01-05,2025-12-17,-4.5,10.5,44.8328,-0.1208,fiable,https://vendsmonbien.com/prix-immobilier/33-gironde/sainte-terre/
33413,Saint-Germain-du-Puch,33,Gironde,Nouvelle-Aquitaine,2304,2490,2490,,98,43,2023-02-10,2025-11-25,,7.2,44.8529,-0.3334,fiable,https://vendsmonbien.com/prix-immobilier/33-gironde/saint-germain-du-puch/
33415,Saint-Gervais,33,Gironde,Nouvelle-Aquitaine,1983,2410,2530,2190,82,79,2023-01-04,2025-12-31,-14.8,4.9,45.0164,-0.4671,fiable,https://vendsmonbien.com/prix-immobilier/33-gironde/saint-gervais/
33422,Saint-Jean-d'Illac,33,Gironde,Nouvelle-Aquitaine,9616,3720,3760,3690,80,235,2023-01-17,2025-12-30,-8.1,1.2,44.7973,-0.8156,fiable,https://vendsmonbien.com/prix-immobilier/33-gironde/saint-jean-dillac/
33424,Saint-Laurent-Médoc,33,Gironde,Nouvelle-Aquitaine,4914,2060,2140,1980,90,125,2023-01-04,2025-12-09,-8.9,4.7,45.1402,-0.8557,fiable,https://vendsmonbien.com/prix-immobilier/33-gironde/saint-laurent-medoc/
33433,Saint-Loubès,33,Gironde,Nouvelle-Aquitaine,10027,2900,2960,2810,90,161,2023-01-03,2025-12-30,-11.8,3.6,44.9223,-0.4257,fiable,https://vendsmonbien.com/prix-immobilier/33-gironde/saint-loubes/
33434,Saint-Louis-de-Montferrand,33,Gironde,Nouvelle-Aquitaine,2051,2450,2390,2480,73,64,2023-01-06,2025-10-28,-11.0,3.6,44.957,-0.5335,fiable,https://vendsmonbien.com/prix-immobilier/33-gironde/saint-louis-de-montferrand/
33435,Saint-Macaire,33,Gironde,Nouvelle-Aquitaine,1981,1960,2030,1960,68,87,2023-01-25,2025-11-28,9.4,5.4,44.5641,-0.2335,fiable,https://vendsmonbien.com/prix-immobilier/33-gironde/saint-macaire/
33437,Saint-Magne-de-Castillon,33,Gironde,Nouvelle-Aquitaine,2165,2040,2040,,96,58,2023-01-21,2025-12-09,-7.2,13.0,44.8542,-0.0716,fiable,https://vendsmonbien.com/prix-immobilier/33-gironde/saint-magne-de-castillon/
33438,Saint-Maixant,33,Gironde,Nouvelle-Aquitaine,2057,2400,2400,,95,54,2023-01-11,2025-12-19,-4.7,5.5,44.5815,-0.2481,fiable,https://vendsmonbien.com/prix-immobilier/33-gironde/saint-maixant/
33439,Saint-Mariens,33,Gironde,Nouvelle-Aquitaine,1639,2050,2050,,96,30,2023-01-20,2025-11-14,,4.6,45.1228,-0.4093,fiable,https://vendsmonbien.com/prix-immobilier/33-gironde/saint-mariens/
33441,Saint-Martin-Lacaussade,33,Gironde,Nouvelle-Aquitaine,1171,1670,1530,1720,65,56,2023-01-05,2025-12-18,3.0,3.3,45.1397,-0.6411,fiable,https://vendsmonbien.com/prix-immobilier/33-gironde/saint-martin-lacaussade/
33447,Saint-Médard-de-Guizières,33,Gironde,Nouvelle-Aquitaine,2438,1600,1600,,80,80,2023-01-04,2025-12-23,2.6,7.5,45.0111,-0.0729,fiable,https://vendsmonbien.com/prix-immobilier/33-gironde/saint-medard-de-guizieres/
33448,Saint-Médard-d'Eyrans,33,Gironde,Nouvelle-Aquitaine,3409,3250,3240,,100,70,2023-01-24,2025-12-22,-9.3,5.1,44.714,-0.5125,fiable,https://vendsmonbien.com/prix-immobilier/33-gironde/saint-medard-deyrans/
33449,Saint-Médard-en-Jalles,33,Gironde,Nouvelle-Aquitaine,32910,3700,3770,3640,90,866,2023-01-09,2025-12-30,-7.5,3.6,44.8861,-0.7823,fiable,https://vendsmonbien.com/prix-immobilier/33-gironde/saint-medard-en-jalles/
33463,Saint-Pierre-d'Aurillac,33,Gironde,Nouvelle-Aquitaine,1246,1670,1670,,91,33,2023-02-16,2025-11-05,,6.7,44.5807,-0.1916,fiable,https://vendsmonbien.com/prix-immobilier/33-gironde/saint-pierre-daurillac/
33466,Saint-Quentin-de-Baron,33,Gironde,Nouvelle-Aquitaine,2713,2320,2730,2270,41,134,2023-01-05,2025-12-23,-1.3,3.1,44.8175,-0.2811,fiable,https://vendsmonbien.com/prix-immobilier/33-gironde/saint-quentin-de-baron/
33473,Saint-Savin,33,Gironde,Nouvelle-Aquitaine,3582,1880,1910,1880,81,87,2023-01-16,2025-12-26,-7.9,3.0,45.1611,-0.4449,fiable,https://vendsmonbien.com/prix-immobilier/33-gironde/saint-savin/
33474,Saint-Selve,33,Gironde,Nouvelle-Aquitaine,3746,3240,3240,,106,68,2023-01-19,2025-11-25,-13.4,2.4,44.6574,-0.4726,fiable,https://vendsmonbien.com/prix-immobilier/33-gironde/saint-selve/
33477,Saint-Seurin-de-Cursac,33,Gironde,Nouvelle-Aquitaine,771,1590,1620,1500,73,41,2023-04-24,2025-12-05,-1.9,3.2,45.1576,-0.6252,fiable,https://vendsmonbien.com/prix-immobilier/33-gironde/saint-seurin-de-cursac/
33478,Saint-Seurin-sur-l'Isle,33,Gironde,Nouvelle-Aquitaine,3167,1550,1720,1420,68,141,2023-01-06,2025-12-19,-3.1,6.4,45.0093,-0.004,fiable,https://vendsmonbien.com/prix-immobilier/33-gironde/saint-seurin-sur-lisle/
33483,Saint-Sulpice-et-Cameyrac,33,Gironde,Nouvelle-Aquitaine,4881,2790,2770,2820,97,61,2023-01-27,2025-12-26,-0.4,2.0,44.9053,-0.3803,fiable,https://vendsmonbien.com/prix-immobilier/33-gironde/saint-sulpice-et-cameyrac/
33490,Saint-Vivien-de-Médoc,33,Gironde,Nouvelle-Aquitaine,1846,2050,2260,1830,75,41,2023-02-08,2025-09-08,,7.7,45.4678,-0.9975,fiable,https://vendsmonbien.com/prix-immobilier/33-gironde/saint-vivien-de-medoc/
33492,Saint-Yzan-de-Soudiac,33,Gironde,Nouvelle-Aquitaine,2586,1920,2020,1860,81,71,2023-01-16,2025-12-30,9.6,2.4,45.1548,-0.4047,fiable,https://vendsmonbien.com/prix-immobilier/33-gironde/saint-yzan-de-soudiac/
33496,Sallebœuf,33,Gironde,Nouvelle-Aquitaine,2767,3000,2920,,92,48,2023-01-06,2025-12-22,24.1,3.4,44.8423,-0.392,fiable,https://vendsmonbien.com/prix-immobilier/33-gironde/sallebuf/
33498,Salles,33,Gironde,Nouvelle-Aquitaine,8208,3450,3430,3520,93,170,2023-01-02,2025-12-30,-10.5,4.5,44.536,-0.8899,fiable,https://vendsmonbien.com/prix-immobilier/33-gironde/salles/
33501,Saucats,33,Gironde,Nouvelle-Aquitaine,3548,3130,3130,,90,69,2023-01-04,2025-12-22,-8.0,4.5,44.6476,-0.6377,fiable,https://vendsmonbien.com/prix-immobilier/33-gironde/saucats/
33506,Sauveterre-de-Guyenne,33,Gironde,Nouvelle-Aquitaine,1885,1770,1790,,92,34,2023-01-06,2025-12-22,,4.5,44.701,-0.0727,fiable,https://vendsmonbien.com/prix-immobilier/33-gironde/sauveterre-de-guyenne/
33514,Soulac-sur-Mer,33,Gironde,Nouvelle-Aquitaine,3100,3940,4040,3790,52,310,2023-01-05,2025-12-30,1.5,13.8,45.5057,-1.0694,fiable,https://vendsmonbien.com/prix-immobilier/33-gironde/soulac-sur-mer/
33517,Soussans,33,Gironde,Nouvelle-Aquitaine,1719,2510,2500,,98,41,2023-01-03,2025-12-23,8.9,3.4,45.0548,-0.6931,fiable,https://vendsmonbien.com/prix-immobilier/33-gironde/soussans/
33522,Talence,33,Gironde,Nouvelle-Aquitaine,46338,4120,4490,3940,63,1715,2023-01-03,2025-12-30,-7.1,3.5,44.8061,-0.5918,fiable,https://vendsmonbien.com/prix-immobilier/33-gironde/talence/
33523,Targon,33,Gironde,Nouvelle-Aquitaine,2079,2400,2400,,96,42,2023-01-06,2025-12-23,,5.2,44.7375,-0.2691,fiable,https://vendsmonbien.com/prix-immobilier/33-gironde/targon/
33525,Tauriac,33,Gironde,Nouvelle-Aquitaine,1342,2120,2120,,85,33,2023-03-08,2025-12-23,,14.1,45.0524,-0.5059,fiable,https://vendsmonbien.com/prix-immobilier/33-gironde/tauriac/
33533,Toulenne,33,Gironde,Nouvelle-Aquitaine,2881,2100,2170,1980,80,95,2023-01-20,2025-12-23,-2.6,3.7,44.5665,-0.2735,fiable,https://vendsmonbien.com/prix-immobilier/33-gironde/toulenne/
33535,Tresses,33,Gironde,Nouvelle-Aquitaine,5290,3280,3250,,97,95,2023-01-13,2025-12-30,-10.1,3.8,44.8455,-0.4741,fiable,https://vendsmonbien.com/prix-immobilier/33-gironde/tresses/
33018,Val de Virvée,33,Gironde,Nouvelle-Aquitaine,3793,2440,2440,2570,94,69,2023-01-26,2025-12-09,-4.3,5.5,45.021,-0.3887,fiable,https://vendsmonbien.com/prix-immobilier/33-gironde/val-de-virvee/
33539,Vayres,33,Gironde,Nouvelle-Aquitaine,4615,2440,2460,2300,96,128,2023-01-10,2025-12-23,-0.4,4.1,44.8908,-0.326,fiable,https://vendsmonbien.com/prix-immobilier/33-gironde/vayres/
33540,Vendays-Montalivet,33,Gironde,Nouvelle-Aquitaine,2838,3560,3510,4620,70,101,2023-01-10,2025-12-29,18.6,8.6,45.3378,-1.0953,fiable,https://vendsmonbien.com/prix-immobilier/33-gironde/vendays-montalivet/
33545,Vertheuil,33,Gironde,Nouvelle-Aquitaine,1339,1650,1650,,99,33,2023-01-27,2025-12-29,,9.6,45.2543,-0.8476,fiable,https://vendsmonbien.com/prix-immobilier/33-gironde/vertheuil/
33550,Villenave-d'Ornon,33,Gironde,Nouvelle-Aquitaine,42545,3470,3630,3330,70,1353,2023-01-02,2025-12-30,-9.2,2.1,44.7736,-0.5523,fiable,https://vendsmonbien.com/prix-immobilier/33-gironde/villenave-dornon/
33554,Yvrac,33,Gironde,Nouvelle-Aquitaine,2899,3020,3090,2580,88,72,2023-01-10,2025-12-18,-9.4,3.8,44.8817,-0.4705,fiable,https://vendsmonbien.com/prix-immobilier/33-gironde/yvrac/
44001,Abbaretz,44,Loire-Atlantique,Pays de la Loire,2073,1700,1700,,84,57,2023-01-13,2025-12-19,-23.1,18.6,47.5546,-1.4929,fiable,https://vendsmonbien.com/prix-immobilier/44-loire-atlantique/abbaretz/
44002,Aigrefeuille-sur-Maine,44,Loire-Atlantique,Pays de la Loire,4156,2750,2750,2750,84,105,2023-01-11,2025-12-30,3.0,8.8,47.0735,-1.4121,fiable,https://vendsmonbien.com/prix-immobilier/44-loire-atlantique/aigrefeuille-sur-maine/
44003,Ancenis-Saint-Géréon,44,Loire-Atlantique,Pays de la Loire,11600,2500,2580,2350,89,331,2023-01-06,2025-12-31,-6.7,5.8,47.382,-1.1681,fiable,https://vendsmonbien.com/prix-immobilier/44-loire-atlantique/ancenis-saint-gereon/
44006,Assérac,44,Loire-Atlantique,Pays de la Loire,1890,2750,2750,,86,78,2023-01-18,2025-12-18,8.3,14.4,47.442,-2.4127,fiable,https://vendsmonbien.com/prix-immobilier/44-loire-atlantique/asserac/
44007,Avessac,44,Loire-Atlantique,Pays de la Loire,2452,1530,1530,,80,69,2023-02-16,2025-12-29,4.4,14.2,47.645,-1.9724,fiable,https://vendsmonbien.com/prix-immobilier/44-loire-atlantique/avessac/
44009,Basse-Goulaine,44,Loire-Atlantique,Pays de la Loire,9679,3540,3390,3890,98,200,2023-01-06,2025-12-27,-9.6,3.1,47.2134,-1.4628,fiable,https://vendsmonbien.com/prix-immobilier/44-loire-atlantique/basse-goulaine/
44010,Batz-sur-Mer,44,Loire-Atlantique,Pays de la Loire,2892,4830,4990,4690,60,225,2023-01-11,2025-12-29,-19.2,14.5,47.2789,-2.4701,fiable,https://vendsmonbien.com/prix-immobilier/44-loire-atlantique/batz-sur-mer/
44013,Besné,44,Loire-Atlantique,Pays de la Loire,3322,2300,2310,,86,70,2023-01-13,2025-12-01,-0.4,11.9,47.3828,-2.0703,fiable,https://vendsmonbien.com/prix-immobilier/44-loire-atlantique/besne/
44015,Blain,44,Loire-Atlantique,Pays de la Loire,10376,2220,2300,1970,83,321,2023-01-05,2025-12-29,0.9,11.1,47.4562,-1.7817,fiable,https://vendsmonbien.com/prix-immobilier/44-loire-atlantique/blain/
44018,Bouaye,44,Loire-Atlantique,Pays de la Loire,8343,3110,3070,3220,84,206,2023-01-02,2025-12-31,-4.9,3.6,47.1478,-1.6687,fiable,https://vendsmonbien.com/prix-immobilier/44-loire-atlantique/bouaye/
44020,Bouguenais,44,Loire-Atlantique,Pays de la Loire,20530,3030,2940,3280,82,552,2023-01-06,2025-12-30,-11.2,3.8,47.171,-1.6181,fiable,https://vendsmonbien.com/prix-immobilier/44-loire-atlantique/bouguenais/
44022,Boussay,44,Loire-Atlantique,Pays de la Loire,2884,1960,1950,,90,76,2023-01-10,2025-12-18,-8.8,11.9,47.0546,-1.1659,fiable,https://vendsmonbien.com/prix-immobilier/44-loire-atlantique/boussay/
44023,Bouvron,44,Loire-Atlantique,Pays de la Loire,3153,2200,2210,,88,70,2023-01-26,2025-12-18,-3.2,13.8,47.42,-1.8691,fiable,https://vendsmonbien.com/prix-immobilier/44-loire-atlantique/bouvron/
44024,Brains,44,Loire-Atlantique,Pays de la Loire,2709,2900,2900,,90,58,2023-01-13,2025-12-11,-7.6,5.1,47.1699,-1.7238,fiable,https://vendsmonbien.com/prix-immobilier/44-loire-atlantique/brains/
44025,Campbon,44,Loire-Atlantique,Pays de la Loire,4058,2360,2360,,92,62,2023-01-24,2025-12-29,-11.5,14.1,47.4155,-1.988,fiable,https://vendsmonbien.com/prix-immobilier/44-loire-atlantique/campbon/
44026,Carquefou,44,Loire-Atlantique,Pays de la Loire,20921,3400,3370,3460,83,565,2023-01-04,2025-12-31,-7.8,2.2,47.2968,-1.4687,fiable,https://vendsmonbien.com/prix-immobilier/44-loire-atlantique/carquefou/
44027,Casson,44,Loire-Atlantique,Pays de la Loire,2605,2940,2950,,88,51,2023-01-13,2025-12-15,-20.9,4.9,47.3925,-1.548,fiable,https://vendsmonbien.com/prix-immobilier/44-loire-atlantique/casson/
44036,Châteaubriant,44,Loire-Atlantique,Pays de la Loire,12260,1870,1920,1730,76,400,2023-01-05,2025-12-30,-4.2,7.6,47.7199,-1.3912,fiable,https://vendsmonbien.com/prix-immobilier/44-loire-atlantique/chateaubriant/
44037,Château-Thébaud,44,Loire-Atlantique,Pays de la Loire,3129,2530,2530,,86,54,2023-01-12,2025-12-22,-18.0,15.0,47.1169,-1.4467,fiable,https://vendsmonbien.com/prix-immobilier/44-loire-atlantique/chateau-thebaud/
44005,Chaumes-en-Retz,44,Loire-Atlantique,Pays de la Loire,7440,2750,2780,2110,85,174,2023-01-06,2025-12-23,-5.3,11.4,47.1561,-1.9153,fiable,https://vendsmonbien.com/prix-immobilier/44-loire-atlantique/chaumes-en-retz/
44038,Chauvé,44,Loire-Atlantique,Pays de la Loire,3070,2780,2780,,85,59,2023-02-10,2025-12-30,-12.2,10.0,47.1602,-2.0132,fiable,https://vendsmonbien.com/prix-immobilier/44-loire-atlantique/chauve/
44043,Clisson,44,Loire-Atlantique,Pays de la Loire,7452,3050,3070,2980,82,250,2023-01-13,2025-12-30,-8.7,8.9,47.0936,-1.2654,fiable,https://vendsmonbien.com/prix-immobilier/44-loire-atlantique/clisson/
44156,Corcoué-sur-Logne,44,Loire-Atlantique,Pays de la Loire,3265,2210,2210,,84,65,2023-01-13,2025-12-09,4.9,12.9,46.958,-1.6033,fiable,https://vendsmonbien.com/prix-immobilier/44-loire-atlantique/corcoue-sur-logne/
44045,Cordemais,44,Loire-Atlantique,Pays de la Loire,4012,2490,2500,,95,74,2023-02-23,2025-12-18,-26.4,8.2,47.2918,-1.8349,fiable,https://vendsmonbien.com/prix-immobilier/44-loire-atlantique/cordemais/
44046,Corsept,44,Loire-Atlantique,Pays de la Loire,2594,2700,2700,,88,42,2023-02-16,2025-12-10,-0.7,7.0,47.2672,-2.0894,fiable,https://vendsmonbien.com/prix-immobilier/44-loire-atlantique/corsept/
44047,Couëron,44,Loire-Atlantique,Pays de la Loire,24103,3150,3180,3080,79,787,2023-01-04,2025-12-22,-5.6,4.2,47.2391,-1.7472,fiable,https://vendsmonbien.com/prix-immobilier/44-loire-atlantique/coueron/
44048,Couffé,44,Loire-Atlantique,Pays de la Loire,2535,2410,2410,,87,33,2023-01-07,2025-09-25,,8.4,47.3873,-1.2853,fiable,https://vendsmonbien.com/prix-immobilier/44-loire-atlantique/couffe/
44050,Crossac,44,Loire-Atlantique,Pays de la Loire,2974,2180,2170,,80,60,2023-01-05,2025-12-02,0.0,16.6,47.4055,-2.1528,fiable,https://vendsmonbien.com/prix-immobilier/44-loire-atlantique/crossac/
44051,Derval,44,Loire-Atlantique,Pays de la Loire,3601,1850,1850,,89,83,2023-01-04,2025-12-19,-5.2,11.4,47.6546,-1.6732,fiable,https://vendsmonbien.com/prix-immobilier/44-loire-atlantique/derval/
44029,Divatte-sur-Loire,44,Loire-Atlantique,Pays de la Loire,7252,2670,2660,,91,145,2023-01-02,2025-12-30,-5.0,7.6,47.2789,-1.3386,fiable,https://vendsmonbien.com/prix-immobilier/44-loire-atlantique/divatte-sur-loire/
44052,Donges,44,Loire-Atlantique,Pays de la Loire,8219,2190,2180,2420,87,282,2023-01-09,2025-12-29,-10.2,13.4,47.3398,-2.0731,fiable,https://vendsmonbien.com/prix-immobilier/44-loire-atlantique/donges/
44053,Drefféac,44,Loire-Atlantique,Pays de la Loire,2288,2240,2240,,89,41,2023-01-27,2025-12-30,,8.8,47.4676,-2.0611,fiable,https://vendsmonbien.com/prix-immobilier/44-loire-atlantique/dreffeac/
44054,Erbray,44,Loire-Atlantique,Pays de la Loire,3072,1510,1510,,93,57,2023-01-30,2025-12-29,-14.4,7.0,47.6681,-1.3269,fiable,https://vendsmonbien.com/prix-immobilier/44-loire-atlantique/erbray/
44056,Fay-de-Bretagne,44,Loire-Atlantique,Pays de la Loire,4023,2400,2400,,102,105,2023-01-03,2025-12-23,-12.9,8.7,47.3881,-1.8076,fiable,https://vendsmonbien.com/prix-immobilier/44-loire-atlantique/fay-de-bretagne/
44057,Fégréac,44,Loire-Atlantique,Pays de la Loire,2243,1680,1680,,83,68,2023-01-13,2025-12-15,15.8,21.4,47.5762,-2.029,fiable,https://vendsmonbien.com/prix-immobilier/44-loire-atlantique/fegreac/
44061,Frossay,44,Loire-Atlantique,Pays de la Loire,3307,2560,2570,,83,72,2023-01-09,2025-11-19,-3.4,10.9,47.2514,-1.9371,fiable,https://vendsmonbien.com/prix-immobilier/44-loire-atlantique/frossay/
44223,Geneston,44,Loire-Atlantique,Pays de la Loire,3685,2590,2590,2660,85,107,2023-01-16,2025-12-17,-7.0,6.7,47.0579,-1.5312,fiable,https://vendsmonbien.com/prix-immobilier/44-loire-atlantique/geneston/
44063,Gétigné,44,Loire-Atlantique,Pays de la Loire,3883,2450,2450,2450,88,94,2023-01-24,2025-12-29,-20.7,16.2,47.0771,-1.2196,fiable,https://vendsmonbien.com/prix-immobilier/44-loire-atlantique/getigne/
44064,Gorges,44,Loire-Atlantique,Pays de la Loire,5203,2620,2610,,93,102,2023-01-05,2025-12-29,3.9,10.9,47.1032,-1.3134,fiable,https://vendsmonbien.com/prix-immobilier/44-loire-atlantique/gorges/
44066,Grandchamp-des-Fontaines,44,Loire-Atlantique,Pays de la Loire,7062,3160,3150,3380,95,121,2023-01-04,2025-12-30,-15.2,5.8,47.3629,-1.6234,fiable,https://vendsmonbien.com/prix-immobilier/44-loire-atlantique/grandchamp-des-fontaines/
44067,Guémené-Penfao,44,Loire-Atlantique,Pays de la Loire,5243,1570,1570,1570,81,153,2023-01-06,2025-12-23,-12.0,15.8,47.6412,-1.8223,fiable,https://vendsmonbien.com/prix-immobilier/44-loire-atlantique/guemene-penfao/
44068,Guenrouet,44,Loire-Atlantique,Pays de la Loire,3673,1820,1820,,81,90,2023-01-03,2025-12-10,8.0,11.0,47.5133,-1.947,fiable,https://vendsmonbien.com/prix-immobilier/44-loire-atlantique/guenrouet/
44069,Guérande,44,Loire-Atlantique,Pays de la Loire,16804,3740,3680,3890,78,523,2023-01-05,2025-12-30,-5.6,6.2,47.3358,-2.4133,fiable,https://vendsmonbien.com/prix-immobilier/44-loire-atlantique/guerande/
44071,Haute-Goulaine,44,Loire-Atlantique,Pays de la Loire,6095,3360,3310,3540,90,112,2023-01-03,2025-12-22,-3.5,7.4,47.1951,-1.4097,fiable,https://vendsmonbien.com/prix-immobilier/44-loire-atlantique/haute-goulaine/
44072,Herbignac,44,Loire-Atlantique,Pays de la Loire,7224,2840,2820,3020,82,171,2023-01-04,2025-12-22,-2.1,7.8,47.451,-2.3149,fiable,https://vendsmonbien.com/prix-immobilier/44-loire-atlantique/herbignac/
44073,Héric,44,Loire-Atlantique,Pays de la Loire,6585,2590,2550,3480,100,118,2023-01-09,2025-12-22,-16.6,5.8,47.4208,-1.6404,fiable,https://vendsmonbien.com/prix-immobilier/44-loire-atlantique/heric/
44074,Indre,44,Loire-Atlantique,Pays de la Loire,4160,3100,3200,2940,72,162,2023-01-16,2025-12-24,-13.7,7.5,47.1993,-1.6701,fiable,https://vendsmonbien.com/prix-immobilier/44-loire-atlantique/indre/
44075,Issé,44,Loire-Atlantique,Pays de la Loire,1856,1550,1550,,90,45,2023-01-23,2025-12-22,,10.9,47.6219,-1.4537,fiable,https://vendsmonbien.com/prix-immobilier/44-loire-atlantique/isse/
44076,Jans,44,Loire-Atlantique,Pays de la Loire,1364,1540,1540,,86,32,2023-01-04,2025-12-22,,13.6,47.6254,-1.6023,fiable,https://vendsmonbien.com/prix-immobilier/44-loire-atlantique/jans/
44077,Joué-sur-Erdre,44,Loire-Atlantique,Pays de la Loire,2797,2210,2230,,97,69,2023-01-09,2025-12-30,-8.6,13.2,47.5084,-1.4312,fiable,https://vendsmonbien.com/prix-immobilier/44-loire-atlantique/joue-sur-erdre/
44055,La Baule-Escoublac,44,Loire-Atlantique,Pays de la Loire,16912,6390,5950,6590,62,1777,2023-01-04,2025-12-30,-6.3,12.1,47.2925,-2.3622,fiable,https://vendsmonbien.com/prix-immobilier/44-loire-atlantique/la-baule-escoublac/
44012,La Bernerie-en-Retz,44,Loire-Atlantique,Pays de la Loire,3536,4570,4450,4880,70,245,2023-01-10,2025-12-31,-13.8,20.7,47.0862,-2.0318,fiable,https://vendsmonbien.com/prix-immobilier/44-loire-atlantique/la-bernerie-en-retz/
44030,La Chapelle-des-Marais,44,Loire-Atlantique,Pays de la Loire,4492,2450,2440,,83,119,2023-01-06,2025-12-29,13.2,9.7,47.4362,-2.2477,fiable,https://vendsmonbien.com/prix-immobilier/44-loire-atlantique/la-chapelle-des-marais/
44032,La Chapelle-Heulin,44,Loire-Atlantique,Pays de la Loire,3467,2720,2740,,98,82,2023-01-06,2025-12-19,1.5,8.4,47.1745,-1.3468,fiable,https://vendsmonbien.com/prix-immobilier/44-loire-atlantique/la-chapelle-heulin/
44033,La Chapelle-Launay,44,Loire-Atlantique,Pays de la Loire,3270,2480,2500,,101,58,2023-01-17,2025-12-11,0.0,13.5,47.3474,-1.9786,fiable,https://vendsmonbien.com/prix-immobilier/44-loire-atlantique/la-chapelle-launay/
44035,La Chapelle-sur-Erdre,44,Loire-Atlantique,Pays de la Loire,20690,3430,3430,3440,85,538,2023-01-03,2025-12-29,-7.5,2.5,47.3041,-1.5621,fiable,https://vendsmonbien.com/prix-immobilier/44-loire-atlantique/la-chapelle-sur-erdre/
44221,La Chevallerais,44,Loire-Atlantique,Pays de la Loire,1569,2410,2410,,91,36,2023-01-16,2025-12-12,,9.7,47.4774,-1.6658,fiable,https://vendsmonbien.com/prix-immobilier/44-loire-atlantique/la-chevallerais/
44041,La Chevrolière,44,Loire-Atlantique,Pays de la Loire,6539,2860,2860,,90,152,2023-01-16,2025-12-19,-2.0,7.2,47.0908,-1.5965,fiable,https://vendsmonbien.com/prix-immobilier/44-loire-atlantique/la-chevroliere/
44224,La Grigonnais,44,Loire-Atlantique,Pays de la Loire,1828,2170,2170,,80,36,2023-02-20,2025-12-31,,6.8,47.5208,-1.687,fiable,https://vendsmonbien.com/prix-immobilier/44-loire-atlantique/la-grigonnais/
44070,La Haie-Fouassière,44,Loire-Atlantique,Pays de la Loire,4775,2990,2990,,92,129,2023-01-04,2025-12-30,-0.7,5.1,47.1612,-1.4033,fiable,https://vendsmonbien.com/prix-immobilier/44-loire-atlantique/la-haie-fouassiere/
44083,La Limouzinière,44,Loire-Atlantique,Pays de la Loire,2459,2310,2310,,86,60,2023-01-23,2025-12-30,13.5,9.0,46.9872,-1.637,fiable,https://vendsmonbien.com/prix-immobilier/44-loire-atlantique/la-limouziniere/
44095,La Meilleraye-de-Bretagne,44,Loire-Atlantique,Pays de la Loire,1606,1580,1580,,86,38,2023-02-15,2025-12-30,,13.4,47.5651,-1.3918,fiable,https://vendsmonbien.com/prix-immobilier/44-loire-atlantique/la-meilleraye-de-bretagne/
44101,La Montagne,44,Loire-Atlantique,Pays de la Loire,6505,3060,3040,3090,80,194,2023-01-06,2025-12-31,-10.2,5.4,47.1858,-1.6826,fiable,https://vendsmonbien.com/prix-immobilier/44-loire-atlantique/la-montagne/
44126,La Plaine-sur-Mer,44,Loire-Atlantique,Pays de la Loire,4760,3950,3940,4290,68,257,2023-01-12,2025-12-30,-10.2,16.2,47.144,-2.1813,fiable,https://vendsmonbien.com/prix-immobilier/44-loire-atlantique/la-plaine-sur-mer/
44127,La Planche,44,Loire-Atlantique,Pays de la Loire,2810,2320,2320,,91,52,2023-01-09,2025-12-19,-8.9,8.8,47.0244,-1.4382,fiable,https://vendsmonbien.com/prix-immobilier/44-loire-atlantique/la-planche/
44140,La Regrippière,44,Loire-Atlantique,Pays de la Loire,1609,2080,2080,,90,41,2023-01-16,2025-11-04,,16.3,47.1837,-1.1931,fiable,https://vendsmonbien.com/prix-immobilier/44-loire-atlantique/la-regrippiere/
44141,La Remaudière,44,Loire-Atlantique,Pays de la Loire,1303,2200,2200,,94,31,2023-01-03,2025-11-24,,7.8,47.2286,-1.2249,fiable,https://vendsmonbien.com/prix-immobilier/44-loire-atlantique/la-remaudiere/
44222,La Roche-Blanche,44,Loire-Atlantique,Pays de la Loire,1261,2050,2050,,88,31,2023-01-13,2025-09-15,,14.4,47.435,-1.1413,fiable,https://vendsmonbien.com/prix-immobilier/44-loire-atlantique/la-roche-blanche/
44211,La Turballe,44,Loire-Atlantique,Pays de la Loire,4850,4360,4000,5000,64,333,2023-01-06,2025-12-23,10.6,10.1,47.3402,-2.4906,fiable,https://vendsmonbien.com/prix-immobilier/44-loire-atlantique/la-turballe/
44014,Le Bignon,44,Loire-Atlantique,Pays de la Loire,3976,2880,2880,,90,99,2023-01-06,2025-12-22,-3.4,5.7,47.1,-1.5048,fiable,https://vendsmonbien.com/prix-immobilier/44-loire-atlantique/le-bignon/
44028,Le Cellier,44,Loire-Atlantique,Pays de la Loire,4051,2610,2700,1840,98,71,2023-03-09,2025-12-30,-5.8,11.4,47.3375,-1.3553,fiable,https://vendsmonbien.com/prix-immobilier/44-loire-atlantique/le-cellier/
44049,Le Croisic,44,Loire-Atlantique,Pays de la Loire,4056,4400,4530,4310,61,412,2023-01-03,2025-12-31,-9.7,10.3,47.2942,-2.5245,fiable,https://vendsmonbien.com/prix-immobilier/44-loire-atlantique/le-croisic/
44062,Le Gâvre,44,Loire-Atlantique,Pays de la Loire,1890,2040,2040,,97,67,2023-01-16,2025-11-17,-19.1,7.5,47.5328,-1.8046,fiable,https://vendsmonbien.com/prix-immobilier/44-loire-atlantique/le-gavre/
44081,Legé,44,Loire-Atlantique,Pays de la Loire,4817,1880,1880,,90,134,2023-01-16,2025-12-22,-3.5,12.8,46.9026,-1.5713,fiable,https://vendsmonbien.com/prix-immobilier/44-loire-atlantique/lege/
44079,Le Landreau,44,Loire-Atlantique,Pays de la Loire,3267,2440,2450,,95,79,2023-01-19,2025-12-16,-2.8,9.3,47.2089,-1.3006,fiable,https://vendsmonbien.com/prix-immobilier/44-loire-atlantique/le-landreau/
44084,Le Loroux-Bottereau,44,Loire-Atlantique,Pays de la Loire,8552,2820,2770,3210,94,213,2023-01-03,2025-12-31,-7.2,6.1,47.2325,-1.3272,fiable,https://vendsmonbien.com/prix-immobilier/44-loire-atlantique/le-loroux-bottereau/
44117,Le Pallet,44,Loire-Atlantique,Pays de la Loire,3413,2610,2620,2550,98,113,2023-01-06,2025-12-10,-13.8,7.8,47.1424,-1.3464,fiable,https://vendsmonbien.com/prix-immobilier/44-loire-atlantique/le-pallet/
44120,Le Pellerin,44,Loire-Atlantique,Pays de la Loire,5319,2700,2700,2640,80,141,2023-01-16,2025-12-22,-8.7,7.6,47.2341,-1.8377,fiable,https://vendsmonbien.com/prix-immobilier/44-loire-atlantique/le-pellerin/
44135,Le Pouliguen,44,Loire-Atlantique,Pays de la Loire,4173,5290,5330,5250,62,429,2023-01-03,2025-12-29,-11.5,16.3,47.2733,-2.4333,fiable,https://vendsmonbien.com/prix-immobilier/44-loire-atlantique/le-pouliguen/
44106,Les Moutiers-en-Retz,44,Loire-Atlantique,Pays de la Loire,1939,3930,4110,3080,60,108,2023-01-04,2025-12-23,-0.3,18.9,47.0552,-1.9883,fiable,https://vendsmonbien.com/prix-immobilier/44-loire-atlantique/les-moutiers-en-retz/
44198,Les Sorinières,44,Loire-Atlantique,Pays de la Loire,9275,3250,3250,3250,84,295,2023-01-09,2025-12-31,-11.1,4.7,47.142,-1.5195,fiable,https://vendsmonbien.com/prix-immobilier/44-loire-atlantique/les-sorinieres/
44205,Les Touches,44,Loire-Atlantique,Pays de la Loire,2638,2390,2390,,100,46,2023-01-11,2025-11-26,-19.7,9.8,47.4552,-1.4166,fiable,https://vendsmonbien.com/prix-immobilier/44-loire-atlantique/les-touches/
44203,Le Temple-de-Bretagne,44,Loire-Atlantique,Pays de la Loire,1975,2940,2950,,94,54,2023-01-13,2025-12-09,-10.0,2.2,47.3299,-1.7892,fiable,https://vendsmonbien.com/prix-immobilier/44-loire-atlantique/le-temple-de-bretagne/
44082,Ligné,44,Loire-Atlantique,Pays de la Loire,5693,2550,2570,,92,106,2023-02-21,2025-12-30,-16.4,4.7,47.4035,-1.3792,fiable,https://vendsmonbien.com/prix-immobilier/44-loire-atlantique/ligne/
44213,Loireauxence,44,Loire-Atlantique,Pays de la Loire,7587,1820,1830,,90,153,2023-01-04,2025-12-30,-1.6,13.4,47.4352,-1.0319,fiable,https://vendsmonbien.com/prix-immobilier/44-loire-atlantique/loireauxence/
44086,Lusanger,44,Loire-Atlantique,Pays de la Loire,1074,1570,1570,,84,30,2023-03-24,2025-12-24,,9.8,47.6752,-1.5844,fiable,https://vendsmonbien.com/prix-immobilier/44-loire-atlantique/lusanger/
44087,Machecoul-Saint-Même,44,Loire-Atlantique,Pays de la Loire,7689,2400,2390,2410,82,248,2023-01-09,2025-12-31,-7.0,8.4,47.0057,-1.8063,fiable,https://vendsmonbien.com/prix-immobilier/44-loire-atlantique/machecoul-saint-meme/
44088,Maisdon-sur-Sèvre,44,Loire-Atlantique,Pays de la Loire,3095,2650,2660,2420,82,76,2023-02-09,2025-12-30,-0.7,10.3,47.1181,-1.3884,fiable,https://vendsmonbien.com/prix-immobilier/44-loire-atlantique/maisdon-sur-sevre/
44089,Malville,44,Loire-Atlantique,Pays de la Loire,3752,2650,2650,,92,76,2023-01-30,2025-12-29,15.9,7.2,47.3441,-1.8451,fiable,https://vendsmonbien.com/prix-immobilier/44-loire-atlantique/malville/
44091,Marsac-sur-Don,44,Loire-Atlantique,Pays de la Loire,1524,1840,1840,,82,60,2023-01-12,2025-12-17,17.8,12.2,47.5948,-1.6967,fiable,https://vendsmonbien.com/prix-immobilier/44-loire-atlantique/marsac-sur-don/
44094,Mauves-sur-Loire,44,Loire-Atlantique,Pays de la Loire,3409,2870,2950,2820,81,80,2023-01-25,2025-12-11,-8.2,8.9,47.3146,-1.4019,fiable,https://vendsmonbien.com/prix-immobilier/44-loire-atlantique/mauves-sur-loire/
44096,Mésanger,44,Loire-Atlantique,Pays de la Loire,4724,2340,2340,,96,73,2023-01-04,2025-12-12,-0.4,9.0,47.4307,-1.2324,fiable,https://vendsmonbien.com/prix-immobilier/44-loire-atlantique/mesanger/
44097,Mesquer,44,Loire-Atlantique,Pays de la Loire,2171,3990,3970,4150,90,141,2023-01-12,2025-12-30,-10.0,15.3,47.3991,-2.4693,fiable,https://vendsmonbien.com/prix-immobilier/44-loire-atlantique/mesquer/
44098,Missillac,44,Loire-Atlantique,Pays de la Loire,5709,2220,2220,2220,90,107,2023-01-12,2025-12-22,-22.7,16.8,47.489,-2.1765,fiable,https://vendsmonbien.com/prix-immobilier/44-loire-atlantique/missillac/
44099,Moisdon-la-Rivière,44,Loire-Atlantique,Pays de la Loire,1990,1360,1390,,83,49,2023-01-16,2025-12-30,9.8,18.7,47.6269,-1.3661,fiable,https://vendsmonbien.com/prix-immobilier/44-loire-atlantique/moisdon-la-riviere/
44100,Monnières,44,Loire-Atlantique,Pays de la Loire,2388,2650,2650,,90,59,2023-01-20,2025-12-12,-11.3,5.7,47.1202,-1.35,fiable,https://vendsmonbien.com/prix-immobilier/44-loire-atlantique/monnieres/
44102,Montbert,44,Loire-Atlantique,Pays de la Loire,3388,2560,2560,,94,65,2023-05-02,2025-12-22,-0.4,8.5,47.0669,-1.4723,fiable,https://vendsmonbien.com/prix-immobilier/44-loire-atlantique/montbert/
44103,Montoir-de-Bretagne,44,Loire-Atlantique,Pays de la Loire,7282,2470,2430,2630,80,180,2023-01-02,2025-12-22,2.0,4.5,47.3238,-2.1539,fiable,https://vendsmonbien.com/prix-immobilier/44-loire-atlantique/montoir-de-bretagne/
44107,Mouzeil,44,Loire-Atlantique,Pays de la Loire,2017,2190,2190,,95,45,2023-03-07,2025-12-12,-2.2,12.2,47.4414,-1.3272,fiable,https://vendsmonbien.com/prix-immobilier/44-loire-atlantique/mouzeil/
44108,Mouzillon,44,Loire-Atlantique,Pays de la Loire,2893,2600,2570,,92,62,2023-01-16,2025-12-08,-9.3,9.7,47.1291,-1.274,fiable,https://vendsmonbien.com/prix-immobilier/44-loire-atlantique/mouzillon/
44109,Nantes,44,Loire-Atlantique,Pays de la Loire,327734,3660,4320,3530,61,13238,2023-01-02,2025-12-31,-9.3,5.4,47.2382,-1.5603,fiable,https://vendsmonbien.com/prix-immobilier/44-loire-atlantique/nantes/
44110,Nort-sur-Erdre,44,Loire-Atlantique,Pays de la Loire,9570,2780,2780,2850,90,243,2023-01-04,2025-12-31,-7.2,8.4,47.4454,-1.5239,fiable,https://vendsmonbien.com/prix-immobilier/44-loire-atlantique/nort-sur-erdre/
44111,Notre-Dame-des-Landes,44,Loire-Atlantique,Pays de la Loire,2360,2360,2350,,93,55,2023-01-19,2025-12-23,-7.1,11.0,47.3812,-1.7188,fiable,https://vendsmonbien.com/prix-immobilier/44-loire-atlantique/notre-dame-des-landes/
44113,Nozay,44,Loire-Atlantique,Pays de la Loire,4292,2040,2130,1900,90,127,2023-01-04,2025-12-19,-15.1,9.1,47.5727,-1.6027,fiable,https://vendsmonbien.com/prix-immobilier/44-loire-atlantique/nozay/
44114,Orvault,44,Loire-Atlantique,Pays de la Loire,28534,3330,3570,2930,83,968,2023-01-02,2025-12-31,-8.5,3.4,47.2745,-1.6195,fiable,https://vendsmonbien.com/prix-immobilier/44-loire-atlantique/orvault/
44115,Oudon,44,Loire-Atlantique,Pays de la Loire,3904,2440,2440,,94,102,2023-01-04,2025-12-29,1.6,16.0,47.3532,-1.2676,fiable,https://vendsmonbien.com/prix-immobilier/44-loire-atlantique/oudon/
44116,Paimbœuf,44,Loire-Atlantique,Pays de la Loire,3045,2060,2180,1940,73,136,2023-01-03,2025-12-29,-12.6,11.0,47.2912,-2.028,fiable,https://vendsmonbien.com/prix-immobilier/44-loire-atlantique/paimbuf/
44118,Pannecé,44,Loire-Atlantique,Pays de la Loire,1439,1700,1700,,89,35,2023-01-27,2025-12-30,,8.2,47.482,-1.2148,fiable,https://vendsmonbien.com/prix-immobilier/44-loire-atlantique/pannece/
44119,Paulx,44,Loire-Atlantique,Pays de la Loire,2054,2130,2130,,86,48,2023-01-12,2025-12-15,,15.1,46.9612,-1.7835,fiable,https://vendsmonbien.com/prix-immobilier/44-loire-atlantique/paulx/
44122,Petit-Mars,44,Loire-Atlantique,Pays de la Loire,3888,2620,2620,,103,75,2023-01-16,2025-12-29,-13.4,7.8,47.4063,-1.457,fiable,https://vendsmonbien.com/prix-immobilier/44-loire-atlantique/petit-mars/
44125,Piriac-sur-Mer,44,Loire-Atlantique,Pays de la Loire,2685,4480,4420,4590,84,185,2023-01-03,2025-12-10,-3.9,12.3,47.3838,-2.5449,fiable,https://vendsmonbien.com/prix-immobilier/44-loire-atlantique/piriac-sur-mer/
44128,Plessé,44,Loire-Atlantique,Pays de la Loire,5335,1840,1830,,85,138,2023-01-06,2025-12-30,1.6,10.0,47.5578,-1.8831,fiable,https://vendsmonbien.com/prix-immobilier/44-loire-atlantique/plesse/
44129,Pontchâteau,44,Loire-Atlantique,Pays de la Loire,11474,2350,2330,2560,83,329,2023-01-02,2025-12-30,7.7,9.4,47.4365,-2.092,fiable,https://vendsmonbien.com/prix-immobilier/44-loire-atlantique/pontchateau/
44130,Pont-Saint-Martin,44,Loire-Atlantique,Pays de la Loire,7093,3090,3060,3260,94,165,2023-01-26,2025-12-29,-4.4,6.5,47.1266,-1.5683,fiable,https://vendsmonbien.com/prix-immobilier/44-loire-atlantique/pont-saint-martin/
44131,Pornic,44,Loire-Atlantique,Pays de la Loire,18745,5000,4770,5230,75,789,2023-01-04,2025-12-30,-2.8,11.3,47.1302,-2.0569,fiable,https://vendsmonbien.com/prix-immobilier/44-loire-atlantique/pornic/
44132,Pornichet,44,Loire-Atlantique,Pays de la Loire,12800,5740,5230,6040,60,906,2023-01-03,2025-12-31,-3.1,8.4,47.2599,-2.3225,fiable,https://vendsmonbien.com/prix-immobilier/44-loire-atlantique/pornichet/
44133,Port-Saint-Père,44,Loire-Atlantique,Pays de la Loire,3059,2860,2910,2740,80,81,2023-01-17,2025-12-22,-6.1,13.5,47.1383,-1.7674,fiable,https://vendsmonbien.com/prix-immobilier/44-loire-atlantique/port-saint-pere/
44136,Préfailles,44,Loire-Atlantique,Pays de la Loire,1321,5000,5050,4530,64,127,2023-01-10,2025-12-30,-8.1,19.0,47.133,-2.2106,fiable,https://vendsmonbien.com/prix-immobilier/44-loire-atlantique/prefailles/
44137,Prinquiau,44,Loire-Atlantique,Pays de la Loire,3591,2420,2430,,100,52,2023-01-16,2025-12-19,-17.6,16.6,47.3784,-2.0239,fiable,https://vendsmonbien.com/prix-immobilier/44-loire-atlantique/prinquiau/
44138,Puceul,44,Loire-Atlantique,Pays de la Loire,1142,2250,2220,,88,34,2023-01-27,2025-12-01,,6.8,47.5142,-1.6119,fiable,https://vendsmonbien.com/prix-immobilier/44-loire-atlantique/puceul/
44142,Remouillé,44,Loire-Atlantique,Pays de la Loire,1932,2370,2370,,90,42,2023-01-24,2025-10-03,,12.0,47.0362,-1.3877,fiable,https://vendsmonbien.com/prix-immobilier/44-loire-atlantique/remouille/
44143,Rezé,44,Loire-Atlantique,Pays de la Loire,43556,3050,3450,2650,73,1812,2023-01-03,2025-12-31,-6.2,5.4,47.1733,-1.5573,fiable,https://vendsmonbien.com/prix-immobilier/44-loire-atlantique/reze/
44144,Riaillé,44,Loire-Atlantique,Pays de la Loire,2365,1620,1620,,88,63,2023-01-05,2025-11-24,7.5,8.9,47.5209,-1.3095,fiable,https://vendsmonbien.com/prix-immobilier/44-loire-atlantique/riaille/
44145,Rouans,44,Loire-Atlantique,Pays de la Loire,3301,2710,2710,,86,42,2023-02-17,2025-12-09,-23.7,8.1,47.18,-1.8462,fiable,https://vendsmonbien.com/prix-immobilier/44-loire-atlantique/rouans/
44146,Rougé,44,Loire-Atlantique,Pays de la Loire,2146,1260,1260,,90,44,2023-01-16,2025-12-19,-10.1,17.9,47.7673,-1.4342,fiable,https://vendsmonbien.com/prix-immobilier/44-loire-atlantique/rouge/
44149,Saffré,44,Loire-Atlantique,Pays de la Loire,4115,2230,2230,,97,83,2023-01-05,2025-12-09,2.3,9.9,47.4924,-1.5807,fiable,https://vendsmonbien.com/prix-immobilier/44-loire-atlantique/saffre/
44150,Saint-Aignan-Grandlieu,44,Loire-Atlantique,Pays de la Loire,3996,2940,2930,,90,71,2023-01-13,2025-12-18,10.9,7.9,47.1296,-1.6191,fiable,https://vendsmonbien.com/prix-immobilier/44-loire-atlantique/saint-aignan-grandlieu/
44151,Saint-André-des-Eaux,44,Loire-Atlantique,Pays de la Loire,7013,3280,3250,3490,88,170,2023-01-06,2025-12-29,-5.5,5.7,47.3272,-2.3116,fiable,https://vendsmonbien.com/prix-immobilier/44-loire-atlantique/saint-andre-des-eaux/
44153,Saint-Aubin-des-Châteaux,44,Loire-Atlantique,Pays de la Loire,1744,1550,1550,,92,44,2023-01-13,2025-12-23,-11.2,10.2,47.7118,-1.4674,fiable,https://vendsmonbien.com/prix-immobilier/44-loire-atlantique/saint-aubin-des-chateaux/
44154,Saint-Brevin-les-Pins,44,Loire-Atlantique,Pays de la Loire,14541,4000,3860,4220,66,838,2023-01-03,2025-12-30,-10.3,13.7,47.2441,-2.154,fiable,https://vendsmonbien.com/prix-immobilier/44-loire-atlantique/saint-brevin-les-pins/
44155,Saint-Colomban,44,Loire-Atlantique,Pays de la Loire,3500,2340,2340,,90,62,2023-01-20,2025-12-19,3.6,14.4,47.0175,-1.5526,fiable,https://vendsmonbien.com/prix-immobilier/44-loire-atlantique/saint-colomban/
44152,Sainte-Anne-sur-Brivet,44,Loire-Atlantique,Pays de la Loire,3063,2270,2270,,89,70,2023-02-09,2025-12-10,-6.5,12.5,47.4541,-2.0288,fiable,https://vendsmonbien.com/prix-immobilier/44-loire-atlantique/sainte-anne-sur-brivet/
44172,Sainte-Luce-sur-Loire,44,Loire-Atlantique,Pays de la Loire,16400,3330,3330,3330,81,541,2023-01-03,2025-12-29,-6.9,2.6,47.2529,-1.4704,fiable,https://vendsmonbien.com/prix-immobilier/44-loire-atlantique/sainte-luce-sur-loire/
44186,Sainte-Pazanne,44,Loire-Atlantique,Pays de la Loire,7201,2830,2870,2540,90,175,2023-01-05,2025-12-30,-13.1,6.0,47.0864,-1.8184,fiable,https://vendsmonbien.com/prix-immobilier/44-loire-atlantique/sainte-pazanne/
44189,Sainte-Reine-de-Bretagne,44,Loire-Atlantique,Pays de la Loire,2484,2170,2170,,83,59,2023-01-06,2025-11-24,0.5,16.0,47.4421,-2.1838,fiable,https://vendsmonbien.com/prix-immobilier/44-loire-atlantique/sainte-reine-de-bretagne/
44157,Saint-Étienne-de-Mer-Morte,44,Loire-Atlantique,Pays de la Loire,1782,1850,1850,,90,44,2023-01-04,2025-12-30,,15.6,46.9464,-1.7172,fiable,https://vendsmonbien.com/prix-immobilier/44-loire-atlantique/saint-etienne-de-mer-morte/
44158,Saint-Étienne-de-Montluc,44,Loire-Atlantique,Pays de la Loire,7780,3010,3020,2940,90,173,2023-01-10,2025-12-30,-7.5,9.7,47.2694,-1.7902,fiable,https://vendsmonbien.com/prix-immobilier/44-loire-atlantique/saint-etienne-de-montluc/
44159,Saint-Fiacre-sur-Maine,44,Loire-Atlantique,Pays de la Loire,1251,2720,2720,,103,35,2023-01-16,2025-12-22,,11.0,47.1419,-1.4198,fiable,https://vendsmonbien.com/prix-immobilier/44-loire-atlantique/saint-fiacre-sur-maine/
44161,Saint-Gildas-des-Bois,44,Loire-Atlantique,Pays de la Loire,3860,1900,1900,,88,72,2023-01-05,2025-12-26,-10.0,11.2,47.5099,-2.0639,fiable,https://vendsmonbien.com/prix-immobilier/44-loire-atlantique/saint-gildas-des-bois/
44162,Saint-Herblain,44,Loire-Atlantique,Pays de la Loire,50973,2870,3220,2640,72,2041,2023-01-03,2025-12-31,-6.9,3.0,47.2246,-1.6306,fiable,https://vendsmonbien.com/prix-immobilier/44-loire-atlantique/saint-herblain/
44164,Saint-Hilaire-de-Chaléons,44,Loire-Atlantique,Pays de la Loire,2422,2480,2480,,80,55,2023-03-15,2025-11-24,-7.6,15.5,47.0999,-1.874,fiable,https://vendsmonbien.com/prix-immobilier/44-loire-atlantique/saint-hilaire-de-chaleons/
44165,Saint-Hilaire-de-Clisson,44,Loire-Atlantique,Pays de la Loire,2423,2410,2410,,94,48,2023-02-09,2025-12-15,7.5,15.3,47.06,-1.3182,fiable,https://vendsmonbien.com/prix-immobilier/44-loire-atlantique/saint-hilaire-de-clisson/
44166,Saint-Jean-de-Boiseau,44,Loire-Atlantique,Pays de la Loire,6067,2940,2940,2870,88,156,2023-01-20,2025-12-29,-8.4,4.7,47.1919,-1.7198,fiable,https://vendsmonbien.com/prix-immobilier/44-loire-atlantique/saint-jean-de-boiseau/
44168,Saint-Joachim,44,Loire-Atlantique,Pays de la Loire,4112,2060,2060,,85,139,2023-01-06,2025-12-29,-0.9,15.4,47.3731,-2.2429,fiable,https://vendsmonbien.com/prix-immobilier/44-loire-atlantique/saint-joachim/
44169,Saint-Julien-de-Concelles,44,Loire-Atlantique,Pays de la Loire,7883,3050,3000,3390,85,192,2023-01-14,2025-12-24,-0.6,7.8,47.2469,-1.4036,fiable,https://vendsmonbien.com/prix-immobilier/44-loire-atlantique/saint-julien-de-concelles/
44171,Saint-Léger-les-Vignes,44,Loire-Atlantique,Pays de la Loire,2171,2720,2670,,110,37,2023-02-27,2025-11-25,,5.7,47.1443,-1.7118,fiable,https://vendsmonbien.com/prix-immobilier/44-loire-atlantique/saint-leger-les-vignes/
44173,Saint-Lumine-de-Clisson,44,Loire-Atlantique,Pays de la Loire,2100,2540,2540,,91,51,2023-01-12,2025-12-03,1.6,9.9,47.0795,-1.3647,fiable,https://vendsmonbien.com/prix-immobilier/44-loire-atlantique/saint-lumine-de-clisson/
44174,Saint-Lumine-de-Coutais,44,Loire-Atlantique,Pays de la Loire,2396,2340,2340,,84,72,2023-01-27,2025-12-10,1.8,6.6,47.0578,-1.7235,fiable,https://vendsmonbien.com/prix-immobilier/44-loire-atlantique/saint-lumine-de-coutais/
44175,Saint-Lyphard,44,Loire-Atlantique,Pays de la Loire,5304,3000,3000,,91,96,2023-01-13,2025-12-18,-10.6,10.6,47.3788,-2.3437,fiable,https://vendsmonbien.com/prix-immobilier/44-loire-atlantique/saint-lyphard/
44176,Saint-Malo-de-Guersac,44,Loire-Atlantique,Pays de la Loire,3203,2350,2350,,96,78,2023-01-31,2025-12-29,-7.6,8.1,47.3608,-2.173,fiable,https://vendsmonbien.com/prix-immobilier/44-loire-atlantique/saint-malo-de-guersac/
44178,Saint-Mars-de-Coutais,44,Loire-Atlantique,Pays de la Loire,2698,2710,2710,,94,48,2023-01-05,2025-12-17,-0.7,10.2,47.0779,-1.7457,fiable,https://vendsmonbien.com/prix-immobilier/44-loire-atlantique/saint-mars-de-coutais/
44179,Saint-Mars-du-Désert,44,Loire-Atlantique,Pays de la Loire,5523,2760,2760,,94,103,2023-02-10,2025-12-19,-7.7,8.7,47.3537,-1.4369,fiable,https://vendsmonbien.com/prix-immobilier/44-loire-atlantique/saint-mars-du-desert/
44182,Saint-Michel-Chef-Chef,44,Loire-Atlantique,Pays de la Loire,5714,4170,4190,3900,60,362,2023-01-07,2025-12-22,-3.1,19.3,47.1705,-2.1238,fiable,https://vendsmonbien.com/prix-immobilier/44-loire-atlantique/saint-michel-chef-chef/
44183,Saint-Molf,44,Loire-Atlantique,Pays de la Loire,2870,2990,2990,,86,55,2023-01-27,2025-12-12,-3.0,4.1,47.3862,-2.4139,fiable,https://vendsmonbien.com/prix-immobilier/44-loire-atlantique/saint-molf/
44184,Saint-Nazaire,44,Loire-Atlantique,Pays de la Loire,74568,2920,2940,2900,70,2992,2023-01-04,2025-12-31,-5.3,5.4,47.2768,-2.2392,fiable,https://vendsmonbien.com/prix-immobilier/44-loire-atlantique/saint-nazaire/
44185,Saint-Nicolas-de-Redon,44,Loire-Atlantique,Pays de la Loire,3311,2130,1950,2320,75,97,2023-01-09,2025-12-30,8.0,13.4,47.6364,-2.0522,fiable,https://vendsmonbien.com/prix-immobilier/44-loire-atlantique/saint-nicolas-de-redon/
44187,Saint-Père-en-Retz,44,Loire-Atlantique,Pays de la Loire,4894,2820,2840,2540,85,119,2023-01-16,2025-12-29,-3.4,10.0,47.2379,-2.0714,fiable,https://vendsmonbien.com/prix-immobilier/44-loire-atlantique/saint-pere-en-retz/
44188,Saint-Philbert-de-Grand-Lieu,44,Loire-Atlantique,Pays de la Loire,9400,2750,2730,3080,90,209,2023-01-03,2025-12-18,-7.5,6.3,47.0689,-1.6443,fiable,https://vendsmonbien.com/prix-immobilier/44-loire-atlantique/saint-philbert-de-grand-lieu/
44190,Saint-Sébastien-sur-Loire,44,Loire-Atlantique,Pays de la Loire,28596,3380,3530,3280,71,1173,2023-01-03,2025-12-31,-7.2,3.6,47.2065,-1.5023,fiable,https://vendsmonbien.com/prix-immobilier/44-loire-atlantique/saint-sebastien-sur-loire/
44192,Saint-Viaud,44,Loire-Atlantique,Pays de la Loire,2929,2690,2720,,85,73,2023-01-12,2025-12-29,-13.5,14.6,47.2418,-1.987,fiable,https://vendsmonbien.com/prix-immobilier/44-loire-atlantique/saint-viaud/
44193,Saint-Vincent-des-Landes,44,Loire-Atlantique,Pays de la Loire,1525,1290,1290,,98,32,2023-02-01,2025-12-18,,15.7,47.6606,-1.5026,fiable,https://vendsmonbien.com/prix-immobilier/44-loire-atlantique/saint-vincent-des-landes/
44194,Sautron,44,Loire-Atlantique,Pays de la Loire,8555,3660,3660,3650,89,231,2023-01-04,2025-12-24,-9.3,2.1,47.275,-1.6839,fiable,https://vendsmonbien.com/prix-immobilier/44-loire-atlantique/sautron/
44195,Savenay,44,Loire-Atlantique,Pays de la Loire,9543,2750,2790,2580,90,242,2023-01-06,2025-12-31,3.0,6.1,47.3542,-1.9203,fiable,https://vendsmonbien.com/prix-immobilier/44-loire-atlantique/savenay/
44196,Sévérac,44,Loire-Atlantique,Pays de la Loire,1690,1820,1820,,78,42,2023-02-02,2025-12-31,-11.0,18.5,47.5534,-2.0656,fiable,https://vendsmonbien.com/prix-immobilier/44-loire-atlantique/severac/
44197,Sion-les-Mines,44,Loire-Atlantique,Pays de la Loire,1658,1240,1240,,86,58,2023-02-08,2025-12-30,3.3,15.3,47.7274,-1.5762,fiable,https://vendsmonbien.com/prix-immobilier/44-loire-atlantique/sion-les-mines/
44199,Soudan,44,Loire-Atlantique,Pays de la Loire,1959,1560,1560,,78,41,2023-02-03,2025-12-10,8.7,14.1,47.7262,-1.2871,fiable,https://vendsmonbien.com/prix-immobilier/44-loire-atlantique/soudan/
44201,Sucé-sur-Erdre,44,Loire-Atlantique,Pays de la Loire,7539,3580,3560,3660,94,122,2023-01-04,2025-12-22,-15.7,6.4,47.35,-1.5237,fiable,https://vendsmonbien.com/prix-immobilier/44-loire-atlantique/suce-sur-erdre/
44202,Teillé,44,Loire-Atlantique,Pays de la Loire,1824,1770,1770,,96,36,2023-03-03,2025-12-03,,9.4,47.4654,-1.2838,fiable,https://vendsmonbien.com/prix-immobilier/44-loire-atlantique/teille/
44204,Thouaré-sur-Loire,44,Loire-Atlantique,Pays de la Loire,11004,3380,3370,3390,84,297,2023-01-03,2025-12-29,-9.4,2.4,47.2755,-1.4294,fiable,https://vendsmonbien.com/prix-immobilier/44-loire-atlantique/thouare-sur-loire/
44206,Touvois,44,Loire-Atlantique,Pays de la Loire,1970,1910,1910,,85,66,2023-01-06,2025-12-19,-13.6,12.0,46.9098,-1.685,fiable,https://vendsmonbien.com/prix-immobilier/44-loire-atlantique/touvois/
44208,Treffieux,44,Loire-Atlantique,Pays de la Loire,996,1620,1620,,106,34,2023-01-16,2025-11-25,,13.5,47.614,-1.5281,fiable,https://vendsmonbien.com/prix-immobilier/44-loire-atlantique/treffieux/
44209,Treillières,44,Loire-Atlantique,Pays de la Loire,10600,3160,3160,3170,96,192,2023-01-18,2025-12-31,-2.5,2.1,47.3146,-1.6312,fiable,https://vendsmonbien.com/prix-immobilier/44-loire-atlantique/treillieres/
44210,Trignac,44,Loire-Atlantique,Pays de la Loire,8397,2500,2420,2780,77,274,2023-01-06,2025-12-30,-4.6,6.0,47.3116,-2.2052,fiable,https://vendsmonbien.com/prix-immobilier/44-loire-atlantique/trignac/
44163,Vair-sur-Loire,44,Loire-Atlantique,Pays de la Loire,4944,2110,2140,1840,93,95,2023-01-23,2025-12-31,6.8,11.7,47.4019,-1.1095,fiable,https://vendsmonbien.com/prix-immobilier/44-loire-atlantique/vair-sur-loire/
44212,Vallet,44,Loire-Atlantique,Pays de la Loire,9495,2720,2660,3190,88,273,2023-01-09,2025-12-22,-12.3,7.3,47.1763,-1.2645,fiable,https://vendsmonbien.com/prix-immobilier/44-loire-atlantique/vallet/
44180,Vallons-de-l'Erdre,44,Loire-Atlantique,Pays de la Loire,6692,1720,1760,1480,82,66,2023-01-18,2025-12-12,-27.9,14.5,47.5349,-1.1414,fiable,https://vendsmonbien.com/prix-immobilier/44-loire-atlantique/vallons-de-lerdre/
44214,Vay,44,Loire-Atlantique,Pays de la Loire,2120,1960,1980,,93,48,2023-01-03,2025-12-29,-9.7,14.3,47.5381,-1.7031,fiable,https://vendsmonbien.com/prix-immobilier/44-loire-atlantique/vay/
44215,Vertou,44,Loire-Atlantique,Pays de la Loire,26227,3470,3450,3530,83,838,2023-01-03,2025-12-29,-6.9,5.0,47.1532,-1.4679,fiable,https://vendsmonbien.com/prix-immobilier/44-loire-atlantique/vertou/
44216,Vieillevigne,44,Loire-Atlantique,Pays de la Loire,4150,2190,2180,,90,102,2023-01-20,2025-12-23,-9.7,8.5,46.9702,-1.4172,fiable,https://vendsmonbien.com/prix-immobilier/44-loire-atlantique/vieillevigne/
44217,Vigneux-de-Bretagne,44,Loire-Atlantique,Pays de la Loire,6692,3010,2990,3470,95,104,2023-01-09,2025-12-15,1.3,6.3,47.317,-1.7198,fiable,https://vendsmonbien.com/prix-immobilier/44-loire-atlantique/vigneux-de-bretagne/
44021,Villeneuve-en-Retz,44,Loire-Atlantique,Pays de la Loire,5120,2300,2310,2270,84,137,2023-01-09,2025-12-26,-3.4,14.5,47.035,-1.9019,fiable,https://vendsmonbien.com/prix-immobilier/44-loire-atlantique/villeneuve-en-retz/
44220,Vue,44,Loire-Atlantique,Pays de la Loire,1753,2500,2530,,82,38,2023-01-06,2025-12-30,,14.1,47.1996,-1.8968,fiable,https://vendsmonbien.com/prix-immobilier/44-loire-atlantique/vue/
61001,Alençon,61,Orne,Normandie,25490,1440,1590,1230,72,797,2023-01-05,2025-12-31,0.7,11.8,48.431,0.0923,fiable,https://vendsmonbien.com/prix-immobilier/61-orne/alencon/
61006,Argentan,61,Orne,Normandie,13527,1510,1610,1420,74,294,2023-01-10,2025-12-30,-3.2,9.8,48.7263,-0.013,fiable,https://vendsmonbien.com/prix-immobilier/61-orne/argentan/
61007,Athis-Val de Rouvre,61,Orne,Normandie,4201,1440,1440,,84,67,2023-01-05,2025-12-09,15.0,15.6,48.7934,-0.4621,fiable,https://vendsmonbien.com/prix-immobilier/61-orne/athis-val-de-rouvre/
61008,Aube,61,Orne,Normandie,1254,1560,1560,,69,45,2023-02-18,2025-11-25,,26.1,48.7312,0.5479,fiable,https://vendsmonbien.com/prix-immobilier/61-orne/aube/
61483,Bagnoles de l'Orne Normandie,61,Orne,Normandie,2699,1990,1820,2000,39,261,2023-01-05,2025-12-22,7.8,15.4,48.5696,-0.4174,fiable,https://vendsmonbien.com/prix-immobilier/61-orne/bagnoles-de-lorne-normandie/
61196,Belforêt-en-Perche,61,Orne,Normandie,1474,1560,1560,,82,49,2023-03-09,2025-12-19,7.8,32.6,48.3841,0.5039,fiable,https://vendsmonbien.com/prix-immobilier/61-orne/belforet-en-perche/
61038,Bellême,61,Orne,Normandie,1457,2210,1960,,79,55,2023-01-13,2025-12-03,-9.6,21.4,48.3719,0.5638,fiable,https://vendsmonbien.com/prix-immobilier/61-orne/belleme/
61063,Briouze,61,Orne,Normandie,1512,1300,1330,,84,32,2023-02-22,2025-12-26,,10.0,48.7084,-0.3852,fiable,https://vendsmonbien.com/prix-immobilier/61-orne/briouze/
61079,Ceton,61,Orne,Normandie,1734,1330,1330,,70,45,2023-01-24,2025-10-31,28.6,32.3,48.2209,0.7563,fiable,https://vendsmonbien.com/prix-immobilier/61-orne/ceton/
61117,Condé-sur-Sarthe,61,Orne,Normandie,2494,1670,1690,1620,85,52,2023-01-03,2025-12-30,-16.5,8.3,48.4316,0.0319,fiable,https://vendsmonbien.com/prix-immobilier/61-orne/conde-sur-sarthe/
61143,Damigny,61,Orne,Normandie,2446,1690,1690,,84,81,2023-01-18,2025-12-31,3.5,16.0,48.4519,0.0699,fiable,https://vendsmonbien.com/prix-immobilier/61-orne/damigny/
61145,Domfront en Poiraie,61,Orne,Normandie,4113,1330,1330,1320,90,114,2023-01-04,2025-12-30,5.6,18.2,48.5866,-0.6554,fiable,https://vendsmonbien.com/prix-immobilier/61-orne/domfront-en-poiraie/
61153,Écouché-les-Vallées,61,Orne,Normandie,2193,1360,1350,,85,52,2023-01-05,2025-12-18,,18.3,48.7232,-0.1316,fiable,https://vendsmonbien.com/prix-immobilier/61-orne/ecouche-les-vallees/
61169,Flers,61,Orne,Normandie,14432,1270,1320,1240,72,385,2023-01-06,2025-12-30,-8.1,14.4,48.7389,-0.5603,fiable,https://vendsmonbien.com/prix-immobilier/61-orne/flers/
61181,Gacé,61,Orne,Normandie,1766,1310,1300,,78,45,2023-01-19,2025-12-23,-18.1,21.9,48.7895,0.3118,fiable,https://vendsmonbien.com/prix-immobilier/61-orne/gace/
61474,Gouffern en Auge,61,Orne,Normandie,3636,1490,1480,,90,78,2023-01-09,2025-12-17,2.0,28.9,48.7851,0.1126,fiable,https://vendsmonbien.com/prix-immobilier/61-orne/gouffern-en-auge/
61211,Juvigny Val d'Andaine,61,Orne,Normandie,2094,1290,1300,,86,43,2023-01-10,2025-12-16,,24.4,48.5269,-0.5205,fiable,https://vendsmonbien.com/prix-immobilier/61-orne/juvigny-val-dandaine/
61163,La Ferrière-aux-Étangs,61,Orne,Normandie,1506,1130,1130,,78,42,2023-02-11,2025-10-17,,13.5,48.6527,-0.5069,fiable,https://vendsmonbien.com/prix-immobilier/61-orne/la-ferriere-aux-etangs/
61167,La Ferté-en-Ouche,61,Orne,Normandie,2938,1550,1550,,78,60,2023-01-17,2025-12-23,-14.9,24.9,48.8436,0.4951,fiable,https://vendsmonbien.com/prix-immobilier/61-orne/la-ferte-en-ouche/
61168,La Ferté Macé,61,Orne,Normandie,5071,1290,1290,1280,80,102,2023-01-04,2025-12-29,-3.9,15.1,48.5688,-0.3592,fiable,https://vendsmonbien.com/prix-immobilier/61-orne/la-ferte-mace/
61214,L'Aigle,61,Orne,Normandie,7663,1440,1460,1240,78,262,2023-01-05,2025-12-30,-1.4,11.3,48.7566,0.6118,fiable,https://vendsmonbien.com/prix-immobilier/61-orne/laigle/
61218,La Lande-Patry,61,Orne,Normandie,1730,1310,1310,,80,46,2023-01-04,2025-12-30,16.3,22.5,48.7529,-0.5988,fiable,https://vendsmonbien.com/prix-immobilier/61-orne/la-lande-patry/
61230,Longny les Villages,61,Orne,Normandie,2811,1390,1390,,87,75,2023-01-05,2025-12-18,-5.7,30.9,48.5419,0.8033,fiable,https://vendsmonbien.com/prix-immobilier/61-orne/longny-les-villages/
61278,Messei,61,Orne,Normandie,1827,1400,1370,,76,42,2023-01-23,2025-12-22,,20.2,48.713,-0.536,fiable,https://vendsmonbien.com/prix-immobilier/61-orne/messei/
61293,Mortagne-au-Perche,61,Orne,Normandie,3898,1680,1650,1710,76,124,2023-01-05,2025-12-30,12.3,17.3,48.5189,0.5642,fiable,https://vendsmonbien.com/prix-immobilier/61-orne/mortagne-au-perche/
61309,Perche en Nocé,61,Orne,Normandie,1956,1520,1530,,108,58,2023-01-20,2025-12-30,-32.1,34.0,48.3585,0.6958,fiable,https://vendsmonbien.com/prix-immobilier/61-orne/perche-en-noce/
61339,Putanges-le-Lac,61,Orne,Normandie,2093,1410,1410,,91,51,2023-01-11,2025-12-30,-14.1,29.9,48.7711,-0.2889,fiable,https://vendsmonbien.com/prix-immobilier/61-orne/putanges-le-lac/
61342,Rai,61,Orne,Normandie,1430,1410,1410,,84,38,2023-03-10,2025-12-31,,14.6,48.7552,0.5604,fiable,https://vendsmonbien.com/prix-immobilier/61-orne/rai/
61345,Rémalard en Perche,61,Orne,Normandie,1866,1430,1430,,80,54,2023-02-07,2025-11-28,-7.4,40.1,48.4405,0.7644,fiable,https://vendsmonbien.com/prix-immobilier/61-orne/remalard-en-perche/
61096,Rives d'Andaine,61,Orne,Normandie,2844,1200,1210,,82,38,2023-01-09,2025-12-30,,21.9,48.5352,-0.4434,fiable,https://vendsmonbien.com/prix-immobilier/61-orne/rives-dandaine/
61116,Sablons sur Huisne,61,Orne,Normandie,1976,1620,1620,,84,43,2023-01-19,2025-12-05,,27.7,48.384,0.8714,fiable,https://vendsmonbien.com/prix-immobilier/61-orne/sablons-sur-huisne/
61391,Saint-Georges-des-Groseillers,61,Orne,Normandie,3173,1320,1460,1210,80,115,2023-01-09,2025-12-30,-11.8,13.5,48.7705,-0.5655,fiable,https://vendsmonbien.com/prix-immobilier/61-orne/saint-georges-des-groseillers/
61397,Saint-Germain-du-Corbéis,61,Orne,Normandie,3636,1640,1640,,89,93,2023-02-08,2025-12-29,-11.1,13.6,48.4178,0.0587,fiable,https://vendsmonbien.com/prix-immobilier/61-orne/saint-germain-du-corbeis/
61447,Saint-Pierre-du-Regard,61,Orne,Normandie,1321,1280,1250,,82,34,2023-03-09,2025-11-26,,19.0,48.8322,-0.5399,fiable,https://vendsmonbien.com/prix-immobilier/61-orne/saint-pierre-du-regard/
61464,Sées,61,Orne,Normandie,4168,1290,1460,1130,72,99,2023-01-03,2025-12-30,19.8,17.0,48.6075,0.1645,fiable,https://vendsmonbien.com/prix-immobilier/61-orne/sees/
61486,Tinchebray-Bocage,61,Orne,Normandie,4813,1170,1210,,81,87,2023-01-23,2025-12-29,8.3,21.1,48.7283,-0.7337,fiable,https://vendsmonbien.com/prix-immobilier/61-orne/tinchebray-bocage/
61491,Tourouvre au Perche,61,Orne,Normandie,2955,1420,1420,,78,90,2023-01-17,2025-12-08,14.7,25.7,48.6065,0.6321,fiable,https://vendsmonbien.com/prix-immobilier/61-orne/tourouvre-au-perche/
61484,Val-au-Perche,61,Orne,Normandie,3336,1430,1450,1200,77,75,2023-01-05,2025-12-29,16.3,20.0,48.2883,0.6987,fiable,https://vendsmonbien.com/prix-immobilier/61-orne/val-au-perche/
61508,Vimoutiers,61,Orne,Normandie,2978,1320,1370,890,79,72,2023-03-10,2025-12-22,-11.0,15.8,48.9254,0.1954,fiable,https://vendsmonbien.com/prix-immobilier/61-orne/vimoutiers/
63001,Aigueperse,63,Puy-de-Dôme,Auvergne-Rhône-Alpes,2665,1480,1550,1220,84,42,2023-01-17,2025-12-15,-8.6,10.6,46.0145,3.2024,fiable,https://vendsmonbien.com/prix-immobilier/63-puy-de-dome/aigueperse/
63003,Ambert,63,Puy-de-Dôme,Auvergne-Rhône-Alpes,6517,1380,1460,1310,82,123,2023-01-12,2025-12-30,-6.8,22.0,45.5516,3.7556,fiable,https://vendsmonbien.com/prix-immobilier/63-puy-de-dome/ambert/
63014,Aubière,63,Puy-de-Dôme,Auvergne-Rhône-Alpes,10459,2440,2550,2260,77,324,2023-01-16,2025-12-30,-6.2,11.0,45.752,3.1272,fiable,https://vendsmonbien.com/prix-immobilier/63-puy-de-dome/aubiere/
63019,Aulnat,63,Puy-de-Dôme,Auvergne-Rhône-Alpes,4139,2130,2130,2310,80,106,2023-01-06,2025-12-23,-0.9,3.6,45.7924,3.1726,fiable,https://vendsmonbien.com/prix-immobilier/63-puy-de-dome/aulnat/
63022,Auzat-la-Combelle,63,Puy-de-Dôme,Auvergne-Rhône-Alpes,1956,1380,1380,,76,80,2023-01-20,2025-12-24,-12.2,41.9,45.4495,3.3289,fiable,https://vendsmonbien.com/prix-immobilier/63-puy-de-dome/auzat-la-combelle/
63026,Aydat,63,Puy-de-Dôme,Auvergne-Rhône-Alpes,2574,2350,2350,,85,33,2023-02-03,2025-12-04,,39.3,45.6663,2.9899,fiable,https://vendsmonbien.com/prix-immobilier/63-puy-de-dome/aydat/
63032,Beaumont,63,Puy-de-Dôme,Auvergne-Rhône-Alpes,10728,2350,2770,2190,69,369,2023-01-06,2025-12-30,-7.8,15.3,45.75,3.0853,fiable,https://vendsmonbien.com/prix-immobilier/63-puy-de-dome/beaumont/
63038,Besse-et-Saint-Anastaise,63,Puy-de-Dôme,Auvergne-Rhône-Alpes,1442,2870,2850,2870,36,298,2023-01-06,2025-12-31,-6.2,20.1,45.4984,2.9103,fiable,https://vendsmonbien.com/prix-immobilier/63-puy-de-dome/besse-et-saint-anastaise/
63040,Billom,63,Puy-de-Dôme,Auvergne-Rhône-Alpes,4805,1680,1690,1340,90,127,2023-01-12,2025-12-29,-4.8,11.9,45.726,3.3232,fiable,https://vendsmonbien.com/prix-immobilier/63-puy-de-dome/billom/
63042,Blanzat,63,Puy-de-Dôme,Auvergne-Rhône-Alpes,3709,2150,2170,1910,89,80,2023-01-06,2025-12-22,-18.1,12.5,45.8251,3.0707,fiable,https://vendsmonbien.com/prix-immobilier/63-puy-de-dome/blanzat/
63050,Brassac-les-Mines,63,Puy-de-Dôme,Auvergne-Rhône-Alpes,3412,1500,1500,,80,111,2023-01-11,2025-12-23,-0.7,25.0,45.4157,3.3188,fiable,https://vendsmonbien.com/prix-immobilier/63-puy-de-dome/brassac-les-mines/
63063,Cébazat,63,Puy-de-Dôme,Auvergne-Rhône-Alpes,8953,2370,2380,2340,89,227,2023-01-09,2025-12-24,-2.9,9.0,45.8314,3.1094,fiable,https://vendsmonbien.com/prix-immobilier/63-puy-de-dome/cebazat/
63070,Ceyrat,63,Puy-de-Dôme,Auvergne-Rhône-Alpes,6592,2640,2640,2600,92,177,2023-01-10,2025-12-23,-9.1,17.3,45.7403,3.0651,fiable,https://vendsmonbien.com/prix-immobilier/63-puy-de-dome/ceyrat/
63075,Chamalières,63,Puy-de-Dôme,Auvergne-Rhône-Alpes,17509,2450,3540,2380,66,1075,2023-01-03,2025-12-30,-4.3,19.3,45.7741,3.0605,fiable,https://vendsmonbien.com/prix-immobilier/63-puy-de-dome/chamalieres/
63080,Champeix,63,Puy-de-Dôme,Auvergne-Rhône-Alpes,1422,1560,1600,1100,88,34,2023-02-08,2025-12-22,,24.1,45.5858,3.1281,fiable,https://vendsmonbien.com/prix-immobilier/63-puy-de-dome/champeix/
63084,Chanonat,63,Puy-de-Dôme,Auvergne-Rhône-Alpes,1729,2260,2470,,98,30,2023-01-19,2025-11-26,,18.6,45.6985,3.0784,fiable,https://vendsmonbien.com/prix-immobilier/63-puy-de-dome/chanonat/
63089,Chappes,63,Puy-de-Dôme,Auvergne-Rhône-Alpes,1607,2400,2400,,108,37,2023-01-27,2025-12-09,,12.1,45.8662,3.225,fiable,https://vendsmonbien.com/prix-immobilier/63-puy-de-dome/chappes/
63092,Charbonnières-les-Varennes,63,Puy-de-Dôme,Auvergne-Rhône-Alpes,1935,2000,2000,,76,34,2023-02-21,2025-11-12,,22.5,45.89,2.9806,fiable,https://vendsmonbien.com/prix-immobilier/63-puy-de-dome/charbonnieres-les-varennes/
63099,Châteaugay,63,Puy-de-Dôme,Auvergne-Rhône-Alpes,3189,2040,2090,1940,93,78,2023-01-04,2025-12-15,11.0,17.5,45.8544,3.0996,fiable,https://vendsmonbien.com/prix-immobilier/63-puy-de-dome/chateaugay/
63103,Châtel-Guyon,63,Puy-de-Dôme,Auvergne-Rhône-Alpes,6299,2110,2220,1990,66,284,2023-01-06,2025-12-30,6.7,23.7,45.9212,3.0634,fiable,https://vendsmonbien.com/prix-immobilier/63-puy-de-dome/chatel-guyon/
63106,Chauriat,63,Puy-de-Dôme,Auvergne-Rhône-Alpes,1805,2050,2040,,89,46,2023-01-30,2025-12-02,11.3,12.1,45.7434,3.2776,fiable,https://vendsmonbien.com/prix-immobilier/63-puy-de-dome/chauriat/
63113,Clermont-Ferrand,63,Puy-de-Dôme,Auvergne-Rhône-Alpes,146351,2190,2480,2140,65,6011,2023-01-03,2025-12-31,-3.1,10.4,45.787,3.1127,fiable,https://vendsmonbien.com/prix-immobilier/63-puy-de-dome/clermont-ferrand/
63116,Combronde,63,Puy-de-Dôme,Auvergne-Rhône-Alpes,2138,1900,1900,,86,79,2023-01-27,2025-12-02,5.3,18.2,45.9881,3.0819,fiable,https://vendsmonbien.com/prix-immobilier/63-puy-de-dome/combronde/
63121,Coudes,63,Puy-de-Dôme,Auvergne-Rhône-Alpes,1225,1880,1900,,81,36,2023-01-04,2025-12-16,,9.2,45.6126,3.2032,fiable,https://vendsmonbien.com/prix-immobilier/63-puy-de-dome/coudes/
63124,Cournon-d'Auvergne,63,Puy-de-Dôme,Auvergne-Rhône-Alpes,19951,2310,2360,2250,81,640,2023-01-02,2025-12-30,-7.8,5.1,45.742,3.1885,fiable,https://vendsmonbien.com/prix-immobilier/63-puy-de-dome/cournon-dauvergne/
63125,Courpière,63,Puy-de-Dôme,Auvergne-Rhône-Alpes,4166,1430,1430,,79,75,2023-01-19,2025-12-15,-10.7,14.9,45.7578,3.5405,fiable,https://vendsmonbien.com/prix-immobilier/63-puy-de-dome/courpiere/
63131,Culhat,63,Puy-de-Dôme,Auvergne-Rhône-Alpes,1182,1790,1790,,96,36,2023-03-03,2025-12-09,,22.7,45.8605,3.3393,fiable,https://vendsmonbien.com/prix-immobilier/63-puy-de-dome/culhat/
63132,Cunlhat,63,Puy-de-Dôme,Auvergne-Rhône-Alpes,1290,1300,1340,,70,37,2023-02-24,2025-12-19,,27.5,45.6326,3.5643,fiable,https://vendsmonbien.com/prix-immobilier/63-puy-de-dome/cunlhat/
63141,Durtol,63,Puy-de-Dôme,Auvergne-Rhône-Alpes,1914,2460,2530,,108,48,2023-01-18,2025-12-19,,32.6,45.795,3.0554,fiable,https://vendsmonbien.com/prix-immobilier/63-puy-de-dome/durtol/
63148,Ennezat,63,Puy-de-Dôme,Auvergne-Rhône-Alpes,2748,2410,2420,,96,51,2023-02-28,2025-12-11,5.4,11.1,45.8965,3.2162,fiable,https://vendsmonbien.com/prix-immobilier/63-puy-de-dome/ennezat/
63150,Enval,63,Puy-de-Dôme,Auvergne-Rhône-Alpes,1596,2300,2300,,94,32,2023-02-08,2025-11-13,,20.4,45.8965,3.051,fiable,https://vendsmonbien.com/prix-immobilier/63-puy-de-dome/enval/
63164,Gerzat,63,Puy-de-Dôme,Auvergne-Rhône-Alpes,10335,2100,2300,1910,77,327,2023-01-02,2025-12-29,0.5,8.2,45.8277,3.1601,fiable,https://vendsmonbien.com/prix-immobilier/63-puy-de-dome/gerzat/
63178,Issoire,63,Puy-de-Dôme,Auvergne-Rhône-Alpes,15115,1950,2130,1810,72,605,2023-01-02,2025-12-30,7.0,6.8,45.5442,3.2444,fiable,https://vendsmonbien.com/prix-immobilier/63-puy-de-dome/issoire/
63047,La Bourboule,63,Puy-de-Dôme,Auvergne-Rhône-Alpes,1727,1830,1570,1840,45,221,2023-01-07,2025-12-31,0.6,33.0,45.5788,2.7467,fiable,https://vendsmonbien.com/prix-immobilier/63-puy-de-dome/la-bourboule/
63302,La Roche-Blanche,63,Puy-de-Dôme,Auvergne-Rhône-Alpes,3311,2430,2490,,90,54,2023-01-18,2025-12-29,6.2,20.3,45.7134,3.1384,fiable,https://vendsmonbien.com/prix-immobilier/63-puy-de-dome/la-roche-blanche/
63069,Le Cendre,63,Puy-de-Dôme,Auvergne-Rhône-Alpes,5415,2320,2290,2580,91,164,2023-01-06,2025-12-24,-13.9,8.7,45.7164,3.1947,fiable,https://vendsmonbien.com/prix-immobilier/63-puy-de-dome/le-cendre/
63193,Lempdes,63,Puy-de-Dôme,Auvergne-Rhône-Alpes,8709,2360,2400,2120,82,255,2023-01-09,2025-12-30,1.7,6.0,45.7719,3.192,fiable,https://vendsmonbien.com/prix-immobilier/63-puy-de-dome/lempdes/
63004,Les Ancizes-Comps,63,Puy-de-Dôme,Auvergne-Rhône-Alpes,1682,1450,1440,,91,39,2023-02-13,2025-12-12,,26.5,45.9378,2.8096,fiable,https://vendsmonbien.com/prix-immobilier/63-puy-de-dome/les-ancizes-comps/
63213,Les Martres-d'Artière,63,Puy-de-Dôme,Auvergne-Rhône-Alpes,2252,2270,2270,,101,45,2023-01-18,2025-12-18,-16.2,16.0,45.8306,3.2617,fiable,https://vendsmonbien.com/prix-immobilier/63-puy-de-dome/les-martres-dartiere/
63214,Les Martres-de-Veyre,63,Puy-de-Dôme,Auvergne-Rhône-Alpes,3826,2200,2220,1960,85,114,2023-01-09,2025-12-22,-6.9,7.8,45.689,3.199,fiable,https://vendsmonbien.com/prix-immobilier/63-puy-de-dome/les-martres-de-veyre/
63195,Lezoux,63,Puy-de-Dôme,Auvergne-Rhône-Alpes,6528,1980,1980,,86,165,2023-01-12,2025-12-22,17.9,13.1,45.8328,3.3888,fiable,https://vendsmonbien.com/prix-immobilier/63-puy-de-dome/lezoux/
63210,Maringues,63,Puy-de-Dôme,Auvergne-Rhône-Alpes,3141,1540,1540,,85,57,2023-02-03,2025-12-22,12.1,15.2,45.922,3.3435,fiable,https://vendsmonbien.com/prix-immobilier/63-puy-de-dome/maringues/
63212,Marsat,63,Puy-de-Dôme,Auvergne-Rhône-Alpes,1426,2070,2070,,89,42,2023-04-28,2025-12-30,31.1,17.1,45.8732,3.0822,fiable,https://vendsmonbien.com/prix-immobilier/63-puy-de-dome/marsat/
63224,Ménétrol,63,Puy-de-Dôme,Auvergne-Rhône-Alpes,1640,2300,2300,,88,31,2023-01-06,2025-12-31,,7.5,45.8633,3.1336,fiable,https://vendsmonbien.com/prix-immobilier/63-puy-de-dome/menetrol/
63227,Mirefleurs,63,Puy-de-Dôme,Auvergne-Rhône-Alpes,2373,2460,2470,,98,57,2023-01-13,2025-12-23,1.7,13.7,45.6904,3.225,fiable,https://vendsmonbien.com/prix-immobilier/63-puy-de-dome/mirefleurs/
63236,Mont-Dore,63,Puy-de-Dôme,Auvergne-Rhône-Alpes,1163,2530,2440,2560,35,271,2023-01-02,2025-12-30,-2.0,29.8,45.5733,2.806,fiable,https://vendsmonbien.com/prix-immobilier/63-puy-de-dome/mont-dore/
63245,Mozac,63,Puy-de-Dôme,Auvergne-Rhône-Alpes,3957,2380,2390,2090,93,100,2023-01-18,2025-12-31,-5.2,9.8,45.8924,3.0852,fiable,https://vendsmonbien.com/prix-immobilier/63-puy-de-dome/mozac/
63246,Murat-le-Quaire,63,Puy-de-Dôme,Auvergne-Rhône-Alpes,484,1580,2690,1070,52,38,2023-01-20,2025-12-15,,53.5,45.6048,2.7552,fiable,https://vendsmonbien.com/prix-immobilier/63-puy-de-dome/murat-le-quaire/
63247,Murol,63,Puy-de-Dôme,Auvergne-Rhône-Alpes,672,1770,2440,1480,53,34,2023-01-12,2025-12-18,,51.8,45.5856,2.908,fiable,https://vendsmonbien.com/prix-immobilier/63-puy-de-dome/murol/
63226,Mur-sur-Allier,63,Puy-de-Dôme,Auvergne-Rhône-Alpes,3111,1900,1900,,90,91,2023-01-03,2025-12-29,0.0,16.4,45.7603,3.2421,fiable,https://vendsmonbien.com/prix-immobilier/63-puy-de-dome/mur-sur-allier/
63254,Nohanent,63,Puy-de-Dôme,Auvergne-Rhône-Alpes,2203,2230,2250,,85,50,2023-01-04,2025-12-05,-22.4,23.7,45.8117,3.0588,fiable,https://vendsmonbien.com/prix-immobilier/63-puy-de-dome/nohanent/
63262,Orcet,63,Puy-de-Dôme,Auvergne-Rhône-Alpes,2897,2380,2380,,98,85,2023-01-12,2025-12-31,-20.2,8.4,45.7077,3.1749,fiable,https://vendsmonbien.com/prix-immobilier/63-puy-de-dome/orcet/
63263,Orcines,63,Puy-de-Dôme,Auvergne-Rhône-Alpes,3609,2410,2410,,88,50,2023-01-03,2025-12-22,-8.4,34.0,45.789,2.9987,fiable,https://vendsmonbien.com/prix-immobilier/63-puy-de-dome/orcines/
63269,Parent,63,Puy-de-Dôme,Auvergne-Rhône-Alpes,879,1740,1740,,94,33,2023-01-09,2025-12-18,,23.0,45.6243,3.2282,fiable,https://vendsmonbien.com/prix-immobilier/63-puy-de-dome/parent/
63272,Pérignat-lès-Sarliève,63,Puy-de-Dôme,Auvergne-Rhône-Alpes,2872,2660,2640,2950,98,74,2023-01-19,2025-12-29,25.8,7.5,45.7324,3.1444,fiable,https://vendsmonbien.com/prix-immobilier/63-puy-de-dome/perignat-les-sarlieve/
63273,Pérignat-sur-Allier,63,Puy-de-Dôme,Auvergne-Rhône-Alpes,1506,2160,2160,,99,33,2023-07-11,2025-12-24,,8.1,45.7272,3.2333,fiable,https://vendsmonbien.com/prix-immobilier/63-puy-de-dome/perignat-sur-allier/
63276,Peschadoires,63,Puy-de-Dôme,Auvergne-Rhône-Alpes,2104,1600,1550,1750,83,46,2023-02-01,2025-12-12,0.6,13.7,45.827,3.4842,fiable,https://vendsmonbien.com/prix-immobilier/63-puy-de-dome/peschadoires/
63282,Plauzat,63,Puy-de-Dôme,Auvergne-Rhône-Alpes,1641,1720,1720,,87,41,2023-01-12,2025-10-23,,19.2,45.6204,3.151,fiable,https://vendsmonbien.com/prix-immobilier/63-puy-de-dome/plauzat/
63284,Pont-du-Château,63,Puy-de-Dôme,Auvergne-Rhône-Alpes,12412,2300,2310,2130,88,307,2023-01-04,2025-12-30,-3.0,9.4,45.7972,3.2361,fiable,https://vendsmonbien.com/prix-immobilier/63-puy-de-dome/pont-du-chateau/
63291,Puy-Guillaume,63,Puy-de-Dôme,Auvergne-Rhône-Alpes,2630,1360,1390,860,80,55,2023-01-26,2025-12-29,-14.4,17.6,45.9644,3.5024,fiable,https://vendsmonbien.com/prix-immobilier/63-puy-de-dome/puy-guillaume/
63295,Randan,63,Puy-de-Dôme,Auvergne-Rhône-Alpes,1619,1270,1260,,99,37,2023-02-24,2025-12-17,,26.0,46.0122,3.363,fiable,https://vendsmonbien.com/prix-immobilier/63-puy-de-dome/randan/
63300,Riom,63,Puy-de-Dôme,Auvergne-Rhône-Alpes,18820,2040,2340,1810,80,581,2023-01-04,2025-12-31,-5.3,9.7,45.8937,3.1274,fiable,https://vendsmonbien.com/prix-immobilier/63-puy-de-dome/riom/
63307,Romagnat,63,Puy-de-Dôme,Auvergne-Rhône-Alpes,7894,2250,2470,1700,90,218,2023-01-19,2025-12-30,-13.1,13.7,45.7215,3.08,fiable,https://vendsmonbien.com/prix-immobilier/63-puy-de-dome/romagnat/
63308,Royat,63,Puy-de-Dôme,Auvergne-Rhône-Alpes,4479,2300,2720,2210,60,271,2023-01-05,2025-12-30,-6.0,23.7,45.7573,3.0431,fiable,https://vendsmonbien.com/prix-immobilier/63-puy-de-dome/royat/
63315,Saint-Amant-Tallende,63,Puy-de-Dôme,Auvergne-Rhône-Alpes,1866,2240,2240,,92,46,2023-01-20,2025-12-15,-1.3,18.6,45.6676,3.1104,fiable,https://vendsmonbien.com/prix-immobilier/63-puy-de-dome/saint-amant-tallende/
63319,Saint-Anthème,63,Puy-de-Dôme,Auvergne-Rhône-Alpes,716,1760,1800,,62,31,2023-01-26,2025-12-18,,46.2,45.5637,3.9014,fiable,https://vendsmonbien.com/prix-immobilier/63-puy-de-dome/saint-antheme/
63322,Saint-Beauzire,63,Puy-de-Dôme,Auvergne-Rhône-Alpes,2210,2150,2140,,97,55,2023-01-16,2025-12-31,-11.5,13.4,45.8525,3.1828,fiable,https://vendsmonbien.com/prix-immobilier/63-puy-de-dome/saint-beauzire/
63327,Saint-Bonnet-près-Riom,63,Puy-de-Dôme,Auvergne-Rhône-Alpes,2110,2120,2130,,90,51,2023-01-25,2025-12-30,-7.7,17.6,45.9291,3.1162,fiable,https://vendsmonbien.com/prix-immobilier/63-puy-de-dome/saint-bonnet-pres-riom/
63338,Saint-Éloy-les-Mines,63,Puy-de-Dôme,Auvergne-Rhône-Alpes,3480,1080,1040,,75,47,2023-02-04,2025-12-11,,33.4,46.162,2.8439,fiable,https://vendsmonbien.com/prix-immobilier/63-puy-de-dome/saint-eloy-les-mines/
63345,Saint-Genès-Champanelle,63,Puy-de-Dôme,Auvergne-Rhône-Alpes,4066,2240,2240,,90,46,2023-02-10,2025-12-30,4.7,25.9,45.7222,3.0005,fiable,https://vendsmonbien.com/prix-immobilier/63-puy-de-dome/saint-genes-champanelle/
63349,Saint-Georges-de-Mons,63,Puy-de-Dôme,Auvergne-Rhône-Alpes,2048,1360,1360,,82,34,2023-01-03,2025-10-28,,41.7,45.9419,2.8634,fiable,https://vendsmonbien.com/prix-immobilier/63-puy-de-dome/saint-georges-de-mons/
63352,Saint-Germain-Lembron,63,Puy-de-Dôme,Auvergne-Rhône-Alpes,2031,1250,1400,,82,36,2023-02-03,2025-12-15,,18.1,45.4536,3.2409,fiable,https://vendsmonbien.com/prix-immobilier/63-puy-de-dome/saint-germain-lembron/
63380,Saint-Nectaire,63,Puy-de-Dôme,Auvergne-Rhône-Alpes,822,1380,1510,1100,66,36,2023-01-14,2025-12-03,,24.2,45.5925,2.9956,fiable,https://vendsmonbien.com/prix-immobilier/63-puy-de-dome/saint-nectaire/
63393,Saint-Rémy-sur-Durolle,63,Puy-de-Dôme,Auvergne-Rhône-Alpes,1746,1400,1390,,79,47,2023-01-19,2025-11-21,14.3,26.8,45.8946,3.5801,fiable,https://vendsmonbien.com/prix-immobilier/63-puy-de-dome/saint-remy-sur-durolle/
63396,Saint-Saturnin,63,Puy-de-Dôme,Auvergne-Rhône-Alpes,1164,1960,1900,,84,34,2023-01-31,2025-12-23,,29.6,45.6604,3.0717,fiable,https://vendsmonbien.com/prix-immobilier/63-puy-de-dome/saint-saturnin/
63417,Sayat,63,Puy-de-Dôme,Auvergne-Rhône-Alpes,2529,2580,2610,,93,52,2023-01-05,2025-12-22,-7.5,24.7,45.8373,3.0361,fiable,https://vendsmonbien.com/prix-immobilier/63-puy-de-dome/sayat/
63430,Thiers,63,Puy-de-Dôme,Auvergne-Rhône-Alpes,11637,1200,1450,1030,85,165,2023-01-18,2025-12-31,10.3,15.7,45.8653,3.538,fiable,https://vendsmonbien.com/prix-immobilier/63-puy-de-dome/thiers/
63453,Vertaizon,63,Puy-de-Dôme,Auvergne-Rhône-Alpes,3527,2180,2220,1780,90,90,2023-01-06,2025-12-19,-7.9,15.9,45.7741,3.2842,fiable,https://vendsmonbien.com/prix-immobilier/63-puy-de-dome/vertaizon/
63455,Veyre-Monton,63,Puy-de-Dôme,Auvergne-Rhône-Alpes,3721,2430,2430,,92,87,2023-01-05,2025-12-23,0.0,13.7,45.6741,3.1648,fiable,https://vendsmonbien.com/prix-immobilier/63-puy-de-dome/veyre-monton/
63457,Vic-le-Comte,63,Puy-de-Dôme,Auvergne-Rhône-Alpes,5396,2300,2360,1610,91,143,2023-01-05,2025-12-29,-7.1,15.5,45.6468,3.2428,fiable,https://vendsmonbien.com/prix-immobilier/63-puy-de-dome/vic-le-comte/
63470,Volvic,63,Puy-de-Dôme,Auvergne-Rhône-Alpes,4883,2000,2010,,90,114,2023-01-31,2025-12-30,-10.6,22.6,45.8647,3.0211,fiable,https://vendsmonbien.com/prix-immobilier/63-puy-de-dome/volvic/
